matrix,snapshot,side,label,n_filtered,n_folds_ok,gpu_mean_auc,gpu_min_auc,gpu_top_lift,gpu_base_rate,cpu_mean_auc,cpu_min_auc,cpu_top_lift,cpu_base_rate,delta_mean_auc,delta_top_lift,status,elapsed_s
forming_vp_snapshots_xctx_gapctx,at_fire,balanced,label.rest_of_day.range_expanded_1x_profile_so_far,23666,6,0.9516384251846941,0.9232934135477382,0.2721316856694702,0.7278683143305299,0.9518279362865286,0.9245470239248,0.27136363651432427,0.7278683143305299,-0.00018951110183451636,0.0007680491551459445,ok,29.3
forming_vp_snapshots_xctx_gapctx,at_fire,all,label.rest_of_day.range_expanded_1x_profile_so_far,42521,6,0.9503426358701138,0.9168109348816352,0.29554114092198397,0.7035851015772144,0.9500252850042853,0.9168085746654393,0.2955457096354343,0.7035851015772144,0.000317350865828514,-4.5687134503369364e-06,ok,38.5
forming_vp_snapshots_xctx_gapctx,at_fire,buying,label.rest_of_day.range_expanded_1x_profile_so_far,10887,6,0.9435166894549708,0.9060535529561551,0.33008504095647057,0.666938768567339,0.943039640365935,0.9046278613299381,0.33008504095647057,0.666938768567339,0.0004770490890357859,0.0,ok,19.6
forming_vp_snapshots_xctx_gapctx,at_fire,selling,label.rest_of_day.range_expanded_1x_profile_so_far,7968,6,0.9424354348843824,0.9002916514764856,0.31475067435099247,0.6832412935204935,0.9424597589362494,0.9040123522978276,0.31166935139015145,0.6832412935204935,-2.4324051867030683e-05,0.0030813229608410153,ok,15.9
forming_vp_snapshots_xctx_gapctx,at_fire,selling,label.next_60m.took_profile_so_far_high,7968,6,0.9177627964047267,0.8932011552572009,0.5199963880307544,0.1516271910875093,0.9157704336303353,0.8946842557177426,0.523966960303949,0.1516271910875093,0.0019923627743914096,-0.003970572273194528,ok,12.5
forming_vp_snapshots_xctx_gapctx,at_fire,buying,label.next_60m.took_profile_so_far_low,10884,6,0.9040569234857196,0.8710526315789473,0.5243109193490028,0.13147296122355637,0.8985377797622999,0.8774479804161568,0.5314146866774245,0.13147296122355637,0.005519143723419773,-0.007103767328421773,ok,12.6
forming_vp_snapshots_xctx_gapctx,at_fire,all,label.next_60m.took_profile_so_far_high,42511,6,0.88833804180064,0.8815532186437056,0.5500300668915924,0.24005759592879247,0.8872750221151766,0.8819790216924708,0.5421604570279993,0.24005759592879247,0.0010630196854634066,0.007869609863593086,ok,31.2
forming_vp_snapshots_xctx_gapctx,at_fire,balanced,label.next_60m.took_profile_so_far_high,23659,6,0.8823938034860803,0.8724544755065401,0.5499419993300096,0.2310090150245079,0.8826315954199465,0.8732185603146105,0.5576030098948727,0.2310090150245079,-0.0002377919338661938,-0.007661010564863013,ok,19.9
forming_vp_snapshots_xctx_gapctx,at_fire,all,label.next_60m.took_profile_so_far_low,42511,6,0.8765859976147934,0.8686469970919493,0.5358766346776609,0.19393310185708681,0.875536636454556,0.8684060572679737,0.5384772222454898,0.19393310185708681,0.0010493611602373498,-0.0026005875678288826,ok,25.7
forming_vp_snapshots_xctx_gapctx,at_fire,buying,label.next_60m.took_profile_so_far_low_rejected_inside,10884,6,0.8829094112049362,0.8473524675570712,0.2777210614337884,0.06652334792058577,0.8754018507744918,0.8504073126835275,0.24682848331427762,0.06652334792058577,0.0075075604304443155,0.030892578119510766,ok,11.6
forming_vp_snapshots_xctx_gapctx,at_fire,selling,label.next_60m.took_profile_so_far_high_rejected_inside,7968,6,0.873362321977043,0.8372098928444467,0.20021272816134258,0.07497113625002007,0.864713023010112,0.8155756436950891,0.20735022936333705,0.07497113625002007,0.008649298966931007,-0.007137501201994467,ok,9.5
forming_vp_snapshots_xctx_gapctx,at_fire,buying,label.next_60m.took_profile_so_far_high,10884,6,0.8609608651396558,0.8438896278863535,0.5106398803579175,0.32222298705421726,0.8599730067887769,0.8465668739433605,0.5061738084502259,0.32222298705421726,0.0009878583508788896,0.00446607190769166,ok,13.8
fvg_snapshots_xctx_fvggeom_obgeom,at_fire,all,label.zone_reaction.took_fvg_high,209103,6,0.8905285337734071,0.877070114919584,0.07878613520474527,0.9207838896206156,0.8878323254906594,0.8742666083674477,0.07852924116356208,0.9207838896206156,0.0026962082827477474,0.00025689404118318937,ok,154.4
fvg_snapshots_xctx_fvggeom_obgeom,at_fire,all,label.zone_reaction.took_fvg_low,209103,6,0.8632579571641137,0.8390077123431972,0.10592452469157887,0.8939891642433425,0.8617999823459921,0.8347625078436136,0.10532438751736761,0.8939891642433425,0.001457974818121599,0.0006001371742112571,ok,137.8
fvg_snapshots_xctx_fvggeom_obgeom,at_fire,all,label.zone_reaction.closed_outside_fvg_range,209103,6,0.749159676169216,0.7236137762427655,0.03373438498763524,0.9620474638531279,0.7451901267574482,0.7168977537334829,0.033134359522776734,0.9620474638531279,0.003969549411767748,0.0006000254648585029,ok,130.3
fvg_snapshots_xctx_fvggeom_obgeom,at_fire,all,label.zone_reaction.closed_inside_fvg_range,209103,6,0.749159701504372,0.723613885502642,0.08708468486797605,0.037952536146872225,0.7451901267574482,0.7168977537334829,0.08595596827742576,0.037952536146872225,0.003969574746923832,0.001128716590550291,ok,131.3
fvg_snapshots_xctx_fvggeom_obgeom,at_fire,bearish,label.zone_reaction.closed_outside_fvg_range,95917,6,0.7471298295998406,0.7384144850956676,0.03641436877212425,0.9588545788571676,0.7439811672101474,0.7320704998209128,0.035480866473341255,0.9588545788571676,0.0031486623896932464,0.0009335022987829941,ok,71.8
fvg_snapshots_xctx_fvggeom_obgeom,at_fire,bearish,label.zone_reaction.closed_inside_fvg_range,95917,6,0.7471299261058569,0.738414764140308,0.09067736722802545,0.04114542114283244,0.7439811672101474,0.7320704998209128,0.0939647523357413,0.04114542114283244,0.003148758895709536,-0.00328738510771584,ok,70.7
fvg_snapshots_xctx_fvggeom_obgeom,at_fire,bearish,label.zone_reaction.took_fvg_low_rejected_inside,95917,6,0.747323494662797,0.7401851682578015,0.09107797208970796,0.041068198084027084,0.7438126409330065,0.7307007079514705,0.08957262985187626,0.041068198084027084,0.0035108537297905418,0.0015053422378316916,ok,65.2
fvg_snapshots_xctx_fvggeom_obgeom,at_fire,all,label.mitigation.fully_filled,209103,6,0.7373410331540549,0.6967106909793456,0.12915183429233826,0.8196643275842223,0.7362136298735793,0.69464477297558,0.13011910665982876,0.8196643275842223,0.0011274032804755585,-0.0009672723674905015,ok,157.4
fvg_snapshots_xctx_fvggeom_obgeom,at_fire,all,label.zone_reaction.took_fvg_low_rejected_inside,209103,6,0.736263968284907,0.7137450768602303,0.07249930094791025,0.03576231546676483,0.7319771158993539,0.7102468696914044,0.06852171505067282,0.03576231546676483,0.004286852385553153,0.003977585897237429,ok,130.5
fvg_snapshots_xctx_fvggeom_obgeom,at_fire,bullish,label.zone_reaction.closed_outside_fvg_range,113186,6,0.7349515494612051,0.696332458651357,0.029685690158750888,0.9646478431359128,0.7317118840201688,0.6918159125096992,0.03062260141014596,0.9646478431359128,0.0032396654410362657,-0.0009369112513950735,ok,73.0
fvg_snapshots_xctx_fvggeom_obgeom,at_fire,bullish,label.zone_reaction.closed_inside_fvg_range,113186,6,0.7349515658706868,0.6963325923402672,0.07524342405970373,0.035352156864087075,0.7317118840201688,0.6918159125096991,0.06995169892207032,0.035352156864087075,0.003239681850517928,0.005291725137633416,ok,72.1
fvg_snapshots_xctx_fvggeom_obgeom,at_fire,bullish,label.zone_reaction.took_fvg_high_rejected_inside,113186,6,0.7342991683835084,0.6893326410030305,0.07366139240025188,0.035352156864087075,0.7293624078373592,0.6875095253348505,0.07020301499503016,0.035352156864087075,0.0049367605461492214,0.003458377405221716,ok,76.0
itr_snapshots_xctx,at_fire,bullish,label.next_interval.compressed_range_0_75x,19216,6,0.7941732291983284,0.7619955329636476,0.4430957888600366,0.30769099818967427,0.793615326769621,0.7532806649604246,0.43469658548391726,0.30769099818967427,0.0005579024287074574,0.008399203376119324,ok,14.8
itr_snapshots_xctx,at_fire,all,label.next_interval.range_expanded_2x_interval,35572,6,0.7936593606837564,0.7151317245337998,0.27990570725631453,0.1006430511983376,0.7912361332552683,0.7116399263560275,0.2731284334213541,0.1006430511983376,0.002423227428488106,0.006777273834960407,ok,17.1
itr_snapshots_xctx,at_fire,all,label.next_interval.compressed_range_0_75x,35572,6,0.790471463503193,0.7593368468592885,0.42545948488308305,0.2976802023505341,0.7892143694356523,0.7573530806046679,0.446314379017776,0.2976802023505341,0.0012570940675407094,-0.020854894134692936,ok,21.7
itr_snapshots_xctx,at_fire,bearish,label.next_interval.range_expanded_2x_interval,16129,6,0.7951441437875154,0.7548837841273179,0.2745808902772066,0.10210551796802585,0.7855826199204282,0.7296698508463215,0.24888410968250027,0.10210551796802585,0.009561523867087196,0.025696780594706342,ok,10.6
itr_snapshots_xctx,at_fire,bullish,label.next_interval.range_expanded_2x_interval,19216,6,0.7905365830453897,0.6989514532140816,0.26521336038018717,0.09867456371365223,0.7834409080472157,0.6846967320956318,0.2710033719575928,0.09867456371365223,0.007095674998173984,-0.005790011577405607,ok,14.1
itr_snapshots_xctx,at_fire,bearish,label.next_interval.compressed_range_0_75x,16129,6,0.7805545758296729,0.7280388933058539,0.4186208053132192,0.2870317855280862,0.7755881228155278,0.7169261526348696,0.40535850352403663,0.2870317855280862,0.004966453014145111,0.013262301789182585,ok,12.8
itr_snapshots_xctx,at_fire,bullish,label.next_interval.range_expanded_1x_interval,19216,6,0.7707178424407942,0.7132065446233432,0.3859704308771857,0.47767386498717873,0.7706379207401312,0.7189392306458404,0.3780378368221851,0.47767386498717873,7.992170066306592e-05,0.007932594055000575,ok,14.5
itr_snapshots_xctx,at_fire,all,label.next_interval.range_expanded_1x_interval,35572,6,0.7691964560026608,0.727560554827134,0.37186780719380225,0.48915708120330215,0.7687759579318061,0.72280903417885,0.37499620438272424,0.48915708120330215,0.0004204980708547579,-0.003128397188921994,ok,21.2
itr_snapshots_xctx,at_fire,bullish,label.next_interval.expanded_range_1_25x,19216,6,0.7670751208229225,0.7158154956474875,0.4152465805280787,0.31459394937734725,0.7674304292946755,0.71280447084461,0.40895040547818945,0.31459394937734725,-0.00035530847175302416,0.006296175049889274,ok,16.0
itr_snapshots_xctx,at_fire,all,label.next_interval.expanded_range_1_25x,35572,6,0.7703433487724537,0.7250144329593634,0.42030654013465435,0.3241334731830443,0.7660306057024373,0.7217644890364667,0.4119744331547195,0.3241334731830443,0.004312743070016389,0.008332106979934861,ok,20.2
itr_snapshots_xctx,at_fire,bearish,label.next_interval.range_expanded_1x_interval,16129,6,0.7595105507979865,0.7096099675825387,0.34835831573086723,0.5004621077013701,0.760837765565387,0.7118898121046172,0.34712938593050896,0.5004621077013701,-0.0013272147674004975,0.0012289298003582694,ok,11.8
itr_snapshots_xctx,at_fire,bearish,label.next_interval.expanded_range_1_25x,16129,6,0.7621893092005102,0.7218795193521829,0.39948767929731965,0.3334801046719141,0.7601534780833127,0.7269230862090195,0.3837140506778898,0.3334801046719141,0.0020358311171975174,0.01577362861942988,ok,12.1
macro_event_snapshots_xctx,at_fire,all,label.next_5m.range_expanded_2x_pre_15m,18160,6,0.8636245006942317,0.8100500274122806,0.293327648996769,0.06353812189198281,0.8580625260940473,0.8086908351608187,0.301609972873941,0.06353812189198281,0.005561974600184372,-0.008282323877171982,ok,13.7
macro_event_snapshots_xctx,at_fire,all,label.next_15m.range_expanded_2x_pre_60m,18180,5,0.887067574016006,0.7821922355881894,0.21290407321774532,0.03568620687761714,0.8539836133783018,0.7301495860021872,0.17869521491359333,0.03548563216812922,0.033083960637704246,0.03420885830415199,ok,10.3
macro_event_snapshots_xctx,at_fire,high,label.next_5m.range_expanded_2x_pre_15m,9206,6,0.8644204665547758,0.7852079912424741,0.3889942633064794,0.09955082243586381,0.8464745212930639,0.7540777230432403,0.359699284264112,0.09955082243586381,0.017945945261711893,0.029294979042367386,ok,9.8
macro_event_snapshots_xctx,at_fire,medium,label.next_15m.one_sided_took_pre_60m_low,8958,6,0.8424227951330053,0.8185526715239829,0.44490020014433246,0.2720253733014279,0.8404965158666414,0.8221387370977535,0.4596406127530024,0.2720253733014279,0.0019262792663639061,-0.014740412608669928,ok,10.6
macro_event_snapshots_xctx,at_fire,medium,label.next_15m.one_sided_took_pre_60m_high,8958,6,0.8393956433450499,0.7282717282717284,0.4613590287155007,0.28612488178423795,0.8404373504578174,0.7352647352647353,0.48206777587540967,0.28612488178423795,-0.0010417071127675204,-0.020708747159908947,ok,11.8
macro_event_snapshots_xctx,at_fire,medium,label.next_15m.took_pre_60m_high,8958,6,0.8374177554854866,0.7309834805993085,0.4488234402358244,0.3027620148804689,0.8366150525293655,0.7244525547445255,0.4297794629304148,0.3027620148804689,0.0008027029561210597,0.019043977305409576,ok,12.9
macro_event_snapshots_xctx,at_fire,high,label.next_15m.range_expanded_2x_pre_60m,9222,5,0.8672733843747882,0.7016871165644172,0.29059185629149387,0.06407538756818427,0.8311629335545921,0.7163634440448488,0.27322509960398017,0.06202614551933371,0.03611045082019604,0.017366756687513696,ok,9.4
macro_event_snapshots_xctx,at_fire,medium,label.next_15m.took_pre_60m_low,8958,6,0.8260127206512738,0.8052642617449665,0.44833862024525173,0.28866250639765884,0.8254702288390464,0.8009647651006713,0.42753317956610903,0.28866250639765884,0.0005424918122274303,0.020805440679142695,ok,11.2
macro_event_snapshots_xctx,at_fire,all,label.next_15m.one_sided_took_pre_60m_high,18180,6,0.8231151838683476,0.770639581585477,0.42012668395662733,0.28158329349922334,0.8196874081848211,0.756466325128077,0.4318710678048854,0.28158329349922334,0.0034277756835264794,-0.011744383848258044,ok,16.2
macro_event_snapshots_xctx,at_fire,high,label.next_15m.swept_both_pre_60m_sides,9222,5,0.7707946828400124,0.6231762065095399,0.19736452581634897,0.05609643798816781,0.7634232905199697,0.6265454545454545,0.18373864278338395,0.05321952356619162,0.007371392320042691,0.013625883032965025,ok,6.6
opening_gap_snapshots_xctx_gapctx_obgeom_liqgeom_regime_strict,at_fire,all,label.strict.next_240m.partial_touch_rejected,9438,6,0.8453720202487306,0.8106564975560424,0.5258194054641606,0.22454565199215915,0.8368205398236755,0.8051365245238498,0.534001994190643,0.22454565199215915,0.008551480425055047,-0.008182588726482365,ok,22.3
opening_gap_snapshots_xctx_gapctx_obgeom_liqgeom_regime_strict,at_fire,gap_down,label.strict.next_240m.partial_touch_rejected,4873,6,0.832499034497595,0.7257554184464484,0.5206135235448782,0.21794544324471157,0.8328948533700138,0.737778832463218,0.5043623643555454,0.21794544324471157,-0.0003958188724187961,0.016251159189332842,ok,22.7
opening_gap_snapshots_xctx_gapctx_obgeom_liqgeom_regime_strict,at_fire,gap_up,label.strict.next_60m.partial_touch_rejected,4565,6,0.8324373426852549,0.7813413048251169,0.5014824356031423,0.33629013133609137,0.8295734854890681,0.7766148043375767,0.5029073995281063,0.33629013133609137,0.0028638571961868697,-0.00142496392496394,ok,18.8
opening_gap_snapshots_xctx_gapctx_obgeom_liqgeom_regime_strict,at_fire,all,label.strict.next_60m.partial_touch_rejected,9438,6,0.8309354130879244,0.790862462006079,0.5491545390387582,0.32903526959745966,0.8260646255263078,0.7920909321175278,0.5695915493593278,0.32903526959745966,0.00487078756161663,-0.02043701032056955,ok,23.1
opening_gap_snapshots_xctx_gapctx_obgeom_liqgeom_regime_strict,at_fire,all,label.strict.next_1d.partial_touch_rejected,9438,6,0.8441965185109072,0.8038811953352769,0.3415932829557595,0.09297507271585466,0.8247730532600747,0.7908892128279883,0.31211145445447996,0.09297507271585466,0.019423465250832495,0.02948182850127956,ok,18.7
opening_gap_snapshots_xctx_gapctx_obgeom_liqgeom_regime_strict,at_fire,gap_up,label.strict.next_240m.partial_touch_rejected,4565,6,0.8340529216084867,0.7474643991394324,0.497592949886062,0.22681982869338316,0.8222303527537904,0.7335314004712632,0.4599105705370161,0.22681982869338316,0.011822568854696236,0.03768237934904589,ok,16.9
opening_gap_snapshots_xctx_gapctx_obgeom_liqgeom_regime_strict,at_fire,gap_down,label.strict.next_60m.partial_touch_rejected,4873,6,0.8290782449955006,0.7696807347474305,0.5316534217913271,0.31486998999350396,0.8204409803149515,0.7527881040892193,0.5754531159930767,0.31486998999350396,0.00863726468054915,-0.04379969420174956,ok,23.7
opening_gap_snapshots_xctx_gapctx_obgeom_liqgeom_regime_strict,at_fire,gap_up,label.strict.next_1d.partial_touch_rejected,4565,6,0.8131479101491935,0.6964539007092199,0.32136509553293086,0.10196142362692166,0.7869114082932384,0.7356973995271868,0.26085122668572863,0.10196142362692166,0.026236501855955163,0.060513868847202223,ok,15.2
opening_gap_snapshots_xctx_gapctx_obgeom_liqgeom_regime_strict,at_fire,all,label.strict.next_1d.filled_then_continued_through,9438,6,0.7730420044728025,0.7357118983957218,0.08864338796473625,0.8767040172095489,0.7617182396784131,0.7305039787798409,0.08291593190652603,0.8767040172095489,0.011323764794389346,0.00572745605821022,ok,21.0
opening_gap_snapshots_xctx_gapctx_obgeom_liqgeom_regime_strict,at_fire,all,label.strict.next_1d.failed_fill_expanded_away,9438,6,0.7974613528084147,0.7705951667252392,0.1703786900997083,0.07795206362067586,0.7498956528925048,0.7080101070926759,0.08097680630905747,0.07795206362067586,0.047565699915909865,0.08940188379065082,ok,18.1
opening_gap_snapshots_xctx_gapctx_obgeom_liqgeom_regime_strict,at_fire,gap_up,label.strict.next_1d.filled_then_continued_through,4565,6,0.7490007351386806,0.627683615819209,0.113729909260351,0.86613120185076,0.7403811302691453,0.6610899182561308,0.11276389996100834,0.86613120185076,0.00861960486953528,0.0009660092993426517,ok,16.2
opening_gap_snapshots_xctx_gapctx_obgeom_liqgeom_regime_strict,at_fire,gap_up,label.strict.next_240m.filled_then_continued_through,4565,6,0.7366359166543813,0.6522419186652763,0.18971596317563624,0.6745126323029592,0.737845102104613,0.6598800834202293,0.19273223702524342,0.6745126323029592,-0.0012091854502316313,-0.003016273849607176,ok,19.6
opening_gap_snapshots_xctx_gapctx_obgeom_liqgeom_regime,at_fire,all,label.next_240m.range_expanded_2x_gap,9438,6,0.9728837129995599,0.9606070751032251,0.09908732588092571,0.9009126741190743,0.9743327134944831,0.9646780303030303,0.09908732588092571,0.9009126741190743,-0.0014490004949232471,0.0,ok,30.1
opening_gap_snapshots_xctx_gapctx_obgeom_liqgeom_regime,at_fire,all,label.next_60m.range_expanded_2x_gap,9438,6,0.9524877491086303,0.928954139795453,0.18891539469216054,0.8110846053078394,0.9532004105257829,0.9409159012442186,0.18891539469216054,0.8110846053078394,-0.0007126614171525381,0.0,ok,34.5
opening_gap_snapshots_xctx_gapctx_obgeom_liqgeom_regime,at_fire,all,label.next_60m.resistance_rejection_3bar,9438,6,0.9469541045975184,0.9224264705882353,0.6127979622787602,0.2911919525793203,0.9422902565424572,0.9217371323529411,0.618463149281391,0.2911919525793203,0.004663848055061148,-0.005665187002630856,ok,25.3
opening_gap_snapshots_xctx_gapctx_obgeom_liqgeom_regime,at_fire,all,label.next_60m.support_rejection_3bar,9438,6,0.9175660151293591,0.9030100729625143,0.542542808718436,0.36279825499020496,0.9124012363804556,0.895985584733997,0.5345492602051284,0.36279825499020496,0.005164778748903531,0.00799354851330758,ok,21.1
opening_gap_snapshots_xctx_gapctx_obgeom_liqgeom_regime,at_fire,all,label.next_240m.unfilled_at_window_end,9438,6,0.8453720202487306,0.8106564975560424,0.5258194054641606,0.22454565199215915,0.8368205398236755,0.8051365245238498,0.534001994190643,0.22454565199215915,0.008551480425055047,-0.008182588726482365,ok,22.6
opening_gap_snapshots_xctx_gapctx_obgeom_liqgeom_regime,at_fire,all,label.next_240m.fully_filled,9438,6,0.8453720202487305,0.8106564975560424,0.1976465496839587,0.7754543480078407,0.8368205398236755,0.8051365245238497,0.19954564438216252,0.7754543480078407,0.008551480425054936,-0.0018990946982038182,ok,22.3
opening_gap_snapshots_xctx_gapctx_obgeom_liqgeom_regime,at_fire,gap_down,label.next_240m.unfilled_at_window_end,4873,6,0.832499034497595,0.7257554184464484,0.5206135235448782,0.21794544324471157,0.8328948533700138,0.737778832463218,0.5043623643555454,0.21794544324471157,-0.0003958188724187961,0.016251159189332842,ok,22.9
opening_gap_snapshots_xctx_gapctx_obgeom_liqgeom_regime,at_fire,gap_down,label.next_240m.fully_filled,4873,6,0.8324990344975949,0.7257554184464483,0.18735754160646123,0.7820545567552886,0.8328948533700137,0.7377788324632178,0.18282797784297136,0.7820545567552886,-0.0003958188724187961,0.004529563763489869,ok,23.1
opening_gap_snapshots_xctx_gapctx_obgeom_liqgeom_regime,at_fire,gap_up,label.next_60m.fully_filled,4565,6,0.829485359719687,0.7829964026954451,0.27611296282558945,0.6637098686639087,0.8317284997324491,0.7834983498349835,0.290060974690268,0.6637098686639087,-0.002243140012762157,-0.013948011864678533,ok,19.9
opening_gap_snapshots_xctx_gapctx_obgeom_liqgeom_regime,at_fire,gap_up,label.next_60m.unfilled_at_window_end,4565,6,0.829485359719687,0.782996402695445,0.4910627626834693,0.33629013133609137,0.8317284997324489,0.7834983498349835,0.5064347363887763,0.33629013133609137,-0.002243140012761935,-0.015371973705307018,ok,20.2
opening_gap_snapshots_xctx_gapctx_obgeom_liqgeom_regime,at_fire,all,label.next_60m.fully_filled,9438,6,0.8300110047208605,0.7898936170212766,0.2733712408152837,0.6709647304025403,0.8273556144346713,0.7894883485309018,0.2674391999211779,0.6709647304025403,0.0026553902861892187,0.005932040894105817,ok,24.9
opening_gap_snapshots_xctx_gapctx_obgeom_liqgeom_regime,at_fire,all,label.next_60m.unfilled_at_window_end,9438,6,0.8300110047208605,0.7898936170212766,0.5418442775150135,0.32903526959745966,0.8273556144346713,0.7894883485309017,0.5624140358615896,0.32903526959745966,0.0026553902861892187,-0.02056975834657604,ok,24.7
opening_gap_snapshots_xctx_gapctx_obgeom_liqgeom_regime,at_fire,gap_up,label.next_240m.unfilled_at_window_end,4565,6,0.8340529216084867,0.7474643991394324,0.497592949886062,0.22681982869338316,0.8222303527537904,0.7335314004712632,0.4599105705370161,0.22681982869338316,0.011822568854696236,0.03768237934904589,ok,17.0
opening_gap_snapshots_xctx_gapctx_obgeom_liqgeom_regime,at_fire,gap_up,label.next_240m.fully_filled,4565,6,0.8340529216084868,0.7474643991394324,0.22064698918721035,0.7731801713066169,0.8222303527537903,0.7335314004712633,0.206416389539944,0.7731801713066169,0.011822568854696458,0.014230599647266334,ok,17.1
opening_gap_snapshots_xctx_gapctx_obgeom_liqgeom_regime,at_fire,all,label.next_1d.range_expanded_2x_gap,9438,3,0.9613484388792326,0.9343039951634844,0.03550853111888578,0.9644914688811141,0.988075877890896,0.9776593394454877,0.02743295866600388,0.9725670413339961,-0.026727439011663412,0.008075572452881898,ok,13.4
opening_gap_snapshots_xctx_gapctx_obgeom_liqgeom_regime,at_fire,gap_up,label.next_240m.range_expanded_1x_gap,4565,2,0.9738541559461457,0.9549319727891157,0.08164825828377231,0.9183517417162277,0.9791429600942386,0.9579504316346422,0.060644841420821466,0.9393551585791784,-0.005288804148092963,0.021003416862950847,ok,6.4
smt_previous_day_snapshots_xctx_fvggeom_obgeom_liqgeom_regime,at_period_close,high,label.n1_primary_took_period_n_high,1201,6,0.9672787891598175,0.9561170212765957,0.4208371392139057,0.5791628607860942,0.9747873993443781,0.9658385093167702,0.4208371392139057,0.5791628607860942,-0.007508610184560616,0.0,ok,25.2
smt_previous_day_snapshots_xctx_fvggeom_obgeom_liqgeom_regime,at_period_close,high,label.n1_close_moved_with_thesis,1201,6,0.9687563175312982,0.9436619718309859,0.5782152949330069,0.4089641922464802,0.9704341011833781,0.9530516431924883,0.5782152949330069,0.4089641922464802,-0.0016777836520799339,0.0,ok,22.7
smt_previous_day_snapshots_xctx_fvggeom_obgeom_liqgeom_regime,at_period_close,high,label.n1_thesis_confirmed_strict,1201,6,0.9606697894321052,0.9391824526420738,0.5912575917829033,0.40874240821709673,0.966808939688086,0.9551382368283777,0.5912575917829033,0.40874240821709673,-0.006139150255980774,0.0,ok,23.6
smt_previous_day_snapshots_xctx_fvggeom_obgeom_liqgeom_regime,at_period_close,high,label.n1_primary_took_period_n_low,1201,6,0.9606697894321052,0.9391824526420738,0.5912575917829033,0.40874240821709673,0.966808939688086,0.9551382368283777,0.5912575917829033,0.40874240821709673,-0.006139150255980774,0.0,ok,23.4
smt_previous_day_snapshots_xctx_fvggeom_obgeom_liqgeom_regime,at_period_close,low,label.n1_primary_took_period_n_low,1137,6,0.9575436425360805,0.9228104898565067,0.5277092128627711,0.472290787137229,0.9638985734390473,0.9307273626917368,0.5277092128627711,0.472290787137229,-0.006354930902966793,0.0,ok,24.1
smt_previous_day_snapshots_xctx_fvggeom_obgeom_liqgeom_regime,at_period_close,all,label.n1_primary_took_period_n_high,2338,6,0.9580680354054723,0.9540165165165165,0.462356458652095,0.537643541347905,0.9637351930376692,0.9588800374882849,0.462356458652095,0.537643541347905,-0.00566715763219694,0.0,ok,29.5
smt_previous_day_snapshots_xctx_fvggeom_obgeom_liqgeom_regime,at_period_close,all,label.n1_primary_took_period_n_low,2338,6,0.9601161191529269,0.9472514619883041,0.5609337564022847,0.4390662435977153,0.963371114295505,0.9494736842105264,0.5545234999920283,0.4390662435977153,-0.0032549951425780987,0.0064102564102563875,ok,33.6
smt_previous_day_snapshots_xctx_fvggeom_obgeom_liqgeom_regime,at_period_close,all,label.n1_close_moved_with_thesis,2338,6,0.9459238542940848,0.9324172291867567,0.5442921494015601,0.45570785059843993,0.9566592493800122,0.946480231436837,0.5442921494015601,0.45570785059843993,-0.010735395085927468,0.0,ok,36.1
sweep_snapshots_xctx_fvggeom_obgeom_liqgeom_regime,at_fire,low,label.manipulation_range_reaction.range_expanded_2x_manipulation,24006,6,0.913938373113087,0.8658264160156249,0.03869454424266459,0.9597693574470436,0.9073675962283277,0.860968017578125,0.03869454424266459,0.9597693574470436,0.006570776884759266,0.0,ok,49.0
sweep_snapshots_xctx_fvggeom_obgeom_liqgeom_regime,at_fire,all,label.manipulation_range_reaction.range_expanded_2x_manipulation,52940,6,0.9134910781148752,0.8664907642204333,0.032914034653337275,0.9656854051225731,0.9028059610621479,0.8300414704435228,0.031477253044141874,0.9656854051225731,0.010685117052727233,0.0014367816091954005,ok,86.5
sweep_snapshots_xctx_fvggeom_obgeom_liqgeom_regime,at_fire,all,label.ob_confirmation.did_confirm,52940,6,0.8952224223971693,0.8542578792113025,0.027360372402815285,0.9726396275971848,0.8955182447316408,0.8561500543393883,0.027360372402815285,0.9726396275971848,-0.0002958223344714517,0.0,ok,60.8
sweep_snapshots_xctx_fvggeom_obgeom_liqgeom_regime,at_fire,high,label.ob_confirmation.did_confirm,28934,6,0.9011883274296433,0.8786416635323195,0.027537534033436784,0.9724624659665633,0.8941168897376696,0.8729622266401591,0.02627010691049636,0.9724624659665633,0.007071437691973714,0.0012674271229404233,ok,43.8
sweep_snapshots_xctx_fvggeom_obgeom_liqgeom_regime,at_fire,high,label.manipulation_range_reaction.range_expanded_2x_manipulation,28934,6,0.9000121527034654,0.8232251786309616,0.029557123556980907,0.9704428764430192,0.8870900438825703,0.8000729841507259,0.02765598287257026,0.9704428764430192,0.012922108820895062,0.0019011406844106453,ok,54.3
sweep_snapshots_xctx_fvggeom_obgeom_liqgeom_regime,at_fire,low,label.ob_confirmation.did_confirm,24006,6,0.8801543396154279,0.8384228083302157,0.027135491753136436,0.9728645082468637,0.8633856950373584,0.78236843746103,0.027135491753136436,0.9728645082468637,0.01676864457806948,0.0,ok,34.0
sweep_snapshots_xctx_fvggeom_obgeom_liqgeom_regime,at_fire,high,label.swept_reference_reaction.first_bar_down_then_final_up,28934,6,0.8258488617682948,0.8019831598932636,0.2229126075696434,0.11317524864550658,0.822997721354851,0.8028835990443179,0.22378122003728054,0.11317524864550658,0.002851140413443698,-0.0008686124676371421,ok,47.5
sweep_snapshots_xctx_fvggeom_obgeom_liqgeom_regime,at_fire,high,label.swept_level_recovery.level_recovered,28934,6,0.7935530390009692,0.7429401608399584,0.2744907401873136,0.6765169934084511,0.7921972438701365,0.7472715959888042,0.2750452436555218,0.6765169934084511,0.0013557951308327265,-0.0005545034682081784,ok,57.3
tp_snapshots_xctx_fvggeom_obgeom,at_fire,all,label.next_period.took_parent_high,19205,6,0.8083366328239402,0.7730811171018355,0.34633643096318245,0.5621559099172482,0.7965152853416935,0.7450173995571022,0.3689588963343198,0.5510542719925619,0.011821347482246725,-0.022622465371137324,ok,24.4
tp_snapshots_xctx_fvggeom_obgeom,at_fire,all,label.next_period.took_parent_low,19205,6,0.7854012259898382,0.7637043834067042,0.3641975417474166,0.4430593540207038,0.7782272093816205,0.755203424224615,0.3734810872427928,0.4597651605891747,0.007174016608217704,-0.009283545495376189,ok,22.6
tp_snapshots_xctx_fvggeom_obgeom,at_fire,bullish,label.next_period.took_parent_high,10591,6,0.7325503219074482,0.7186845412651864,0.19739770727277173,0.7458672981875057,0.7397583939572616,0.6974603426216329,0.20096322031239108,0.7409348564729431,-0.007208072049813441,-0.0035655130396193557,ok,15.5
tp_snapshots_xctx_fvggeom_obgeom,at_fire,bullish,label.next_period.thesis_confirmed,10591,6,0.7325503219074482,0.7186845412651864,0.19739770727277173,0.7458672981875057,0.7397583939572616,0.6974603426216329,0.20096322031239108,0.7409348564729431,-0.007208072049813441,-0.0035655130396193557,ok,15.8
tp_snapshots_xctx_fvggeom_obgeom,at_fire,bullish,label.next_period.took_parent_low,10591,6,0.748867612982843,0.6715727015454536,0.3904079507874509,0.285886672957086,0.7373220881115483,0.6611364186296065,0.41389570278116306,0.29217384927985873,0.011545524871294677,-0.02348775199371217,ok,16.9
tp_snapshots_xctx_fvggeom_obgeom,at_fire,bearish,label.next_period.took_parent_high,8531,6,0.7336621364310615,0.6999566585904804,0.32115258120934453,0.3433996543481987,0.7103978745083758,0.5582386363636364,0.24030866107440058,0.33898541801274173,0.023264261922685714,0.08084392013494396,ok,14.6
tp_snapshots_xctx_fvggeom_obgeom,at_fire,all,label.next_period.thesis_confirmed,19205,6,0.6941856123231642,0.6544524288588676,0.21917021340082385,0.6941332900142537,0.6963628727316736,0.6502011593560292,0.23468130613059973,0.6984634549328523,-0.002177260408509407,-0.015511092729775883,ok,23.4
tp_snapshots_xctx_fvggeom_obgeom,at_fire,bearish,label.next_period.took_parent_low,8531,6,0.679516981562546,0.6413496932515337,0.19890354233971128,0.6275811098478202,0.6803103403321089,0.6495918132689433,0.2107834494384249,0.6428373798695601,-0.0007933587695628797,-0.011879907098713616,ok,14.8
tp_snapshots_xctx_fvggeom_obgeom,at_fire,bearish,label.next_period.thesis_confirmed,8531,6,0.679516981562546,0.6413496932515337,0.19890354233971128,0.6275811098478202,0.6803103403321089,0.6495918132689433,0.2107834494384249,0.6428373798695601,-0.0007933587695628797,-0.011879907098713616,ok,14.9
tp_snapshots_xctx_fvggeom_obgeom,at_fire,bearish,label.n_plus_2.took_parent_high,860,6,0.6321880959500811,0.5670731707317074,0.18351581930788932,0.5714444981524281,0.5942650575357739,0.47052845528455284,0.19442851772058775,0.5714444981524281,0.03792303841430722,-0.01091269841269843,ok,6.7
vp_snapshots_xctx,at_fire,buying,label.vah_touch.resistance_break_acceptance_3bar,9222,6,0.9174756714785229,0.8910049245921823,0.20689628238964167,0.04704525979309191,0.9109564035940498,0.8863881194213604,0.18629727044821506,0.04704525979309191,0.006519267884473101,0.020599011941426604,ok,8.7
vp_snapshots_xctx,at_fire,all,label.vah_touch.resistance_rejection_3bar,34356,6,0.907755158987546,0.891991323579449,0.19295498417672594,0.047190939048451536,0.9078502234107174,0.8974553669715589,0.19130520152990935,0.047190939048451536,-9.506442317142039e-05,0.0016497826468165888,ok,15.5
vp_snapshots_xctx,at_fire,all,label.vah_touch.resistance_break_acceptance_3bar,34356,6,0.9029771268380956,0.8902409699301486,0.17766074611873406,0.047354847783763164,0.9040466559131176,0.8978273214329803,0.18307871042378596,0.047354847783763164,-0.0010695290750220021,-0.005417964305051898,ok,14.7
vp_snapshots_xctx,at_fire,selling,label.vah_touch.resistance_break_acceptance_3bar,6497,3,0.9161870538377629,0.9049413735343383,0.18026690924453326,0.03723239163882119,0.9017083182202664,0.8720565149136578,0.16070589699453833,0.03325016329880551,0.014478735617496463,0.01956101224999493,ok,4.0
vp_snapshots_xctx,at_fire,balanced,label.vah_touch.resistance_rejection_3bar,18637,6,0.8991394825418247,0.8907237122179651,0.18949993520283917,0.053362288787625535,0.8966663537333509,0.8870838654746701,0.18227908798711534,0.053362288787625535,0.0024731288084738345,0.00722084721572383,ok,10.7
vp_snapshots_xctx,at_fire,buying,label.vah_touch.resistance_rejection_3bar,9222,6,0.9039265525228447,0.8631357856494095,0.1914520451142083,0.05252655237657586,0.8955326276759733,0.8589963495623872,0.19552265931216647,0.05252655237657586,0.008393924846871403,-0.004070614197958178,ok,8.1
vp_snapshots_xctx,at_fire,balanced,label.vah_touch.resistance_break_acceptance_3bar,18637,6,0.8899165926809515,0.8782529213563696,0.16045450062356453,0.05233888777289464,0.8928094120105209,0.8821898821898823,0.1739261444211643,0.05233888777289464,-0.0028928193295694182,-0.01347164379759977,ok,11.1
vp_snapshots_xctx,at_fire,buying,label.vwap_touch.resistance_rejection_3bar,9222,6,0.8862974908893747,0.8468295979276945,0.2103817203684811,0.06521403622929224,0.8860641576658687,0.8182603145999926,0.188729886495572,0.06521403622929224,0.00023333322350604924,0.021651833872909088,ok,7.6
vp_snapshots_xctx,at_fire,buying,label.vwap_touch.resistance_break_acceptance_3bar,9222,6,0.8869152912622282,0.8700834748160725,0.19058058502149414,0.06284920200437037,0.8851107519373329,0.8666171477079798,0.17737722962039418,0.06284920200437037,0.0018045393248953268,0.013203355401099959,ok,8.3
vp_snapshots_xctx,at_fire,selling,label.vwap_touch.support_break_acceptance_3bar,6497,6,0.8774711332716368,0.8629032258064516,0.21215496044248935,0.07984169531366898,0.8718208042207216,0.8525183927560839,0.2066808403734747,0.07984169531366898,0.005650329050915226,0.005474120069014654,ok,7.3
vp_snapshots_xctx,at_fire,all,label.val_touch.support_break_acceptance_3bar,34356,6,0.8725517523509628,0.8510884470346245,0.16626698719351815,0.0566048123059227,0.8709529359240072,0.8398875293373066,0.15867350014082804,0.0566048123059227,0.001598816426955585,0.007593487052690112,ok,14.5
vp_snapshots_xctx,at_fire,selling,label.val_touch.support_break_acceptance_3bar,6497,6,0.8744143183129643,0.829418928322895,0.16120395435338758,0.056691333437356876,0.8662185700965872,0.8105862908837856,0.15432474392197112,0.056691333437356876,0.008195748216377141,0.006879210431416455,ok,6.2
