_ts,y_true,p_test,threshold,pnl_r
2025-01-02 23:00:00+00:00,1,0.5728,0.5000,1.0000
2025-01-06 23:00:00+00:00,0,0.5100,0.5000,-1.0000
2025-01-06 23:00:00+00:00,0,0.5885,0.5000,-1.0000
2025-01-09 23:00:00+00:00,1,0.5211,0.5000,1.0000
2025-01-14 23:00:00+00:00,1,0.6094,0.5000,1.0000
2025-01-15 23:00:00+00:00,0,0.6755,0.5000,-1.0000
2025-01-21 23:00:00+00:00,1,0.7043,0.5000,1.0000
2025-01-22 23:00:00+00:00,1,0.6215,0.5000,1.0000
2025-01-22 23:00:00+00:00,1,0.5268,0.5000,1.0000
2025-01-23 23:00:00+00:00,1,0.7773,0.5000,1.0000
2025-01-23 23:00:00+00:00,1,0.6671,0.5000,1.0000
2025-01-23 23:00:00+00:00,1,0.6999,0.5000,1.0000
2025-01-26 23:00:00+00:00,1,0.8913,0.5000,1.0000
2025-01-26 23:00:00+00:00,1,0.9435,0.5000,1.0000
2025-01-26 23:00:00+00:00,1,0.8993,0.5000,1.0000
2025-01-26 23:00:00+00:00,1,0.8913,0.5000,1.0000
2025-01-26 23:00:00+00:00,1,0.9435,0.5000,1.0000
2025-01-26 23:00:00+00:00,1,0.8993,0.5000,1.0000
2025-01-28 23:00:00+00:00,1,0.5435,0.5000,1.0000
2025-01-29 23:00:00+00:00,1,0.8617,0.5000,1.0000
2025-01-29 23:00:00+00:00,1,0.8531,0.5000,1.0000
2025-01-29 23:00:00+00:00,1,0.7606,0.5000,1.0000
2025-02-02 23:00:00+00:00,1,0.8675,0.5000,1.0000
2025-02-02 23:00:00+00:00,1,0.9170,0.5000,1.0000
2025-02-02 23:00:00+00:00,1,0.8776,0.5000,1.0000
2025-02-02 23:00:00+00:00,1,0.8675,0.5000,1.0000
2025-02-02 23:00:00+00:00,1,0.9170,0.5000,1.0000
2025-02-02 23:00:00+00:00,1,0.8776,0.5000,1.0000
2025-02-04 23:00:00+00:00,1,0.7616,0.5000,1.0000
2025-02-04 23:00:00+00:00,1,0.7373,0.5000,1.0000
2025-02-04 23:00:00+00:00,0,0.5848,0.5000,-1.0000
2025-02-05 23:00:00+00:00,1,0.7453,0.5000,1.0000
2025-02-06 23:00:00+00:00,0,0.5410,0.5000,-1.0000
2025-02-06 23:00:00+00:00,1,0.7902,0.5000,1.0000
2025-02-06 23:00:00+00:00,1,0.7952,0.5000,1.0000
2025-02-09 23:00:00+00:00,1,0.8581,0.5000,1.0000
2025-02-09 23:00:00+00:00,1,0.9271,0.5000,1.0000
2025-02-09 23:00:00+00:00,1,0.8777,0.5000,1.0000
2025-02-09 23:00:00+00:00,1,0.8581,0.5000,1.0000
2025-02-09 23:00:00+00:00,1,0.9271,0.5000,1.0000
2025-02-09 23:00:00+00:00,1,0.8777,0.5000,1.0000
2025-02-10 23:00:00+00:00,1,0.7172,0.5000,1.0000
2025-02-10 23:00:00+00:00,1,0.8066,0.5000,1.0000
2025-02-10 23:00:00+00:00,1,0.6179,0.5000,1.0000
2025-02-12 23:00:00+00:00,0,0.5325,0.5000,-1.0000
2025-02-12 23:00:00+00:00,0,0.6500,0.5000,-1.0000
2025-02-13 23:00:00+00:00,0,0.6355,0.5000,-1.0000
2025-02-13 23:00:00+00:00,0,0.7433,0.5000,-1.0000
2025-02-17 23:00:00+00:00,1,0.7242,0.5000,1.0000
2025-02-17 23:00:00+00:00,1,0.6646,0.5000,1.0000
2025-02-17 23:00:00+00:00,1,0.6706,0.5000,1.0000
2025-02-18 23:00:00+00:00,0,0.7211,0.5000,-1.0000
2025-02-18 23:00:00+00:00,0,0.6211,0.5000,-1.0000
2025-02-19 23:00:00+00:00,0,0.7529,0.5000,-1.0000
2025-02-19 23:00:00+00:00,0,0.7285,0.5000,-1.0000
2025-02-19 23:00:00+00:00,0,0.6211,0.5000,-1.0000
2025-02-20 23:00:00+00:00,0,0.5199,0.5000,-1.0000
2025-02-25 23:00:00+00:00,0,0.5424,0.5000,-1.0000
2025-02-26 23:00:00+00:00,1,0.7313,0.5000,1.0000
2025-02-26 23:00:00+00:00,1,0.8532,0.5000,1.0000
2025-02-26 23:00:00+00:00,1,0.7762,0.5000,1.0000
2025-03-03 23:00:00+00:00,1,0.5056,0.5000,1.0000
2025-03-03 23:00:00+00:00,1,0.5434,0.5000,1.0000
2025-03-05 23:00:00+00:00,0,0.5372,0.5000,-1.0000
2025-03-06 23:00:00+00:00,0,0.5473,0.5000,-1.0000
2025-03-09 22:00:00+00:00,1,0.8761,0.5000,1.0000
2025-03-09 22:00:00+00:00,1,0.9249,0.5000,1.0000
2025-03-09 22:00:00+00:00,1,0.8716,0.5000,1.0000
2025-03-09 22:00:00+00:00,1,0.8761,0.5000,1.0000
2025-03-09 22:00:00+00:00,1,0.9249,0.5000,1.0000
2025-03-09 22:00:00+00:00,1,0.8716,0.5000,1.0000
2025-03-10 22:00:00+00:00,1,0.6831,0.5000,1.0000
2025-03-10 22:00:00+00:00,1,0.7857,0.5000,1.0000
2025-03-16 22:00:00+00:00,0,0.6174,0.5000,-1.0000
2025-03-16 22:00:00+00:00,0,0.6174,0.5000,-1.0000
2025-03-17 22:00:00+00:00,0,0.6112,0.5000,-1.0000
2025-03-17 22:00:00+00:00,0,0.5201,0.5000,-1.0000
2025-03-18 22:00:00+00:00,1,0.5682,0.5000,1.0000
2025-03-20 22:00:00+00:00,1,0.6804,0.5000,1.0000
2025-03-20 22:08:00+00:00,0,0.6725,0.5000,-1.0000
2025-03-24 22:00:00+00:00,0,0.5430,0.5000,-1.0000
2025-03-25 22:00:00+00:00,1,0.7183,0.5000,1.0000
2025-03-25 22:00:00+00:00,0,0.6256,0.5000,-1.0000
2025-03-26 22:00:00+00:00,1,0.8646,0.5000,1.0000
2025-03-26 22:00:00+00:00,1,0.8879,0.5000,1.0000
2025-03-26 22:00:00+00:00,1,0.8406,0.5000,1.0000
2025-03-30 22:00:00+00:00,1,0.8574,0.5000,1.0000
2025-03-30 22:00:00+00:00,1,0.8925,0.5000,1.0000
2025-03-30 22:00:00+00:00,1,0.8775,0.5000,1.0000
2025-03-30 22:00:00+00:00,1,0.8574,0.5000,1.0000
2025-03-30 22:00:00+00:00,1,0.8925,0.5000,1.0000
2025-03-30 22:00:00+00:00,1,0.8775,0.5000,1.0000
2025-04-02 22:00:00+00:00,1,0.8740,0.5000,1.0000
2025-04-02 22:00:00+00:00,1,0.8306,0.5000,1.0000
2025-04-02 22:02:00+00:00,1,0.8603,0.5000,1.0000
2025-04-06 22:00:00+00:00,1,0.8980,0.5000,1.0000
2025-04-06 22:00:00+00:00,1,0.9215,0.5000,1.0000
2025-04-06 22:00:00+00:00,1,0.8920,0.5000,1.0000
2025-04-06 22:00:00+00:00,1,0.8980,0.5000,1.0000
2025-04-06 22:00:00+00:00,1,0.9215,0.5000,1.0000
2025-04-06 22:00:00+00:00,1,0.8920,0.5000,1.0000
2025-04-08 22:00:00+00:00,1,0.5743,0.5000,1.0000
2025-04-08 22:00:00+00:00,1,0.6677,0.5000,1.0000
2025-04-09 22:00:00+00:00,1,0.8664,0.5000,1.0000
2025-04-09 22:00:00+00:00,1,0.7746,0.5000,1.0000
2025-04-09 22:00:00+00:00,1,0.8523,0.5000,1.0000
2025-04-10 22:00:00+00:00,0,0.8495,0.5000,-1.0000
2025-04-10 22:00:00+00:00,0,0.5966,0.5000,-1.0000
2025-04-10 22:00:00+00:00,0,0.8563,0.5000,-1.0000
2025-04-14 22:00:00+00:00,0,0.5102,0.5000,-1.0000
2025-04-15 22:00:00+00:00,1,0.8520,0.5000,1.0000
2025-04-15 22:00:00+00:00,1,0.8656,0.5000,1.0000
2025-04-15 22:00:00+00:00,1,0.8429,0.5000,1.0000
2025-04-21 22:00:00+00:00,1,0.5218,0.5000,1.0000
2025-04-23 22:00:00+00:00,1,0.8036,0.5000,1.0000
2025-04-23 22:00:00+00:00,1,0.6353,0.5000,1.0000
2025-04-27 22:00:00+00:00,1,0.8151,0.5000,1.0000
2025-04-27 22:00:00+00:00,1,0.8384,0.5000,1.0000
2025-04-27 22:00:00+00:00,1,0.8736,0.5000,1.0000
2025-04-27 22:00:00+00:00,1,0.8151,0.5000,1.0000
2025-04-27 22:00:00+00:00,1,0.8384,0.5000,1.0000
2025-04-27 22:00:00+00:00,1,0.8736,0.5000,1.0000
2025-04-28 22:00:00+00:00,1,0.6348,0.5000,1.0000
2025-04-28 22:00:00+00:00,1,0.7565,0.5000,1.0000
2025-04-28 22:00:00+00:00,1,0.7885,0.5000,1.0000
2025-04-29 22:00:00+00:00,1,0.7745,0.5000,1.0000
2025-04-29 22:00:00+00:00,1,0.6465,0.5000,1.0000
2025-04-29 22:00:00+00:00,1,0.8211,0.5000,1.0000
2025-04-30 22:00:00+00:00,0,0.7902,0.5000,-1.0000
2025-04-30 22:00:00+00:00,0,0.7321,0.5000,-1.0000
2025-04-30 22:00:00+00:00,0,0.6092,0.5000,-1.0000
2025-05-01 22:00:00+00:00,1,0.7924,0.5000,1.0000
2025-05-01 22:00:00+00:00,1,0.7128,0.5000,1.0000
2025-05-04 22:00:00+00:00,1,0.8310,0.5000,1.0000
2025-05-04 22:00:00+00:00,1,0.8583,0.5000,1.0000
2025-05-04 22:00:00+00:00,1,0.7964,0.5000,1.0000
2025-05-04 22:00:00+00:00,1,0.8310,0.5000,1.0000
2025-05-04 22:00:00+00:00,1,0.8583,0.5000,1.0000
2025-05-04 22:00:00+00:00,1,0.7964,0.5000,1.0000
2025-05-05 22:00:00+00:00,1,0.5607,0.5000,1.0000
2025-05-05 22:00:00+00:00,1,0.7945,0.5000,1.0000
2025-05-05 22:00:00+00:00,1,0.7136,0.5000,1.0000
2025-05-06 22:00:00+00:00,0,0.8513,0.5000,-1.0000
2025-05-06 22:00:00+00:00,0,0.7142,0.5000,-1.0000
2025-05-06 22:00:00+00:00,0,0.5187,0.5000,-1.0000
2025-05-07 22:00:00+00:00,1,0.8197,0.5000,1.0000
2025-05-07 22:00:00+00:00,1,0.7608,0.5000,1.0000
2025-05-07 22:00:00+00:00,1,0.7319,0.5000,1.0000
2025-05-12 22:00:00+00:00,1,0.7358,0.5000,1.0000
2025-05-12 22:00:00+00:00,1,0.5729,0.5000,1.0000
2025-05-12 22:00:00+00:00,1,0.6887,0.5000,1.0000
2025-05-13 22:00:00+00:00,0,0.6088,0.5000,-1.0000
2025-05-14 22:00:00+00:00,1,0.8367,0.5000,1.0000
2025-05-14 22:00:00+00:00,1,0.7470,0.5000,1.0000
2025-05-14 22:00:00+00:00,1,0.8359,0.5000,1.0000
2025-05-15 22:00:00+00:00,1,0.5646,0.5000,1.0000
2025-05-18 22:00:00+00:00,1,0.8986,0.5000,1.0000
2025-05-18 22:00:00+00:00,1,0.9314,0.5000,1.0000
2025-05-18 22:00:00+00:00,1,0.8503,0.5000,1.0000
2025-05-18 22:00:00+00:00,1,0.8986,0.5000,1.0000
2025-05-18 22:00:00+00:00,1,0.9314,0.5000,1.0000
2025-05-18 22:00:00+00:00,1,0.8503,0.5000,1.0000
2025-05-19 22:00:00+00:00,1,0.7968,0.5000,1.0000
2025-05-19 22:00:00+00:00,1,0.7106,0.5000,1.0000
2025-05-19 22:00:00+00:00,1,0.7225,0.5000,1.0000
2025-05-20 22:00:00+00:00,1,0.6087,0.5000,1.0000
2025-05-20 22:00:00+00:00,1,0.5801,0.5000,1.0000
2025-05-20 22:00:00+00:00,1,0.6774,0.5000,1.0000
2025-05-21 22:00:00+00:00,0,0.7300,0.5000,-1.0000
2025-05-22 22:00:00+00:00,0,0.6570,0.5000,-1.0000
2025-05-26 22:00:00+00:00,1,0.6372,0.5000,1.0000
2025-05-26 22:00:00+00:00,1,0.7490,0.5000,1.0000
2025-05-26 22:00:00+00:00,0,0.7663,0.5000,-1.0000
2025-05-27 22:00:00+00:00,1,0.6475,0.5000,1.0000
2025-05-28 22:00:00+00:00,1,0.7535,0.5000,1.0000
2025-05-28 22:00:00+00:00,1,0.5510,0.5000,1.0000
2025-05-28 22:00:00+00:00,1,0.7261,0.5000,1.0000
2025-05-29 22:00:00+00:00,1,0.6490,0.5000,1.0000
2025-05-29 22:00:00+00:00,1,0.7355,0.5000,1.0000
2025-06-01 22:00:00+00:00,1,0.8717,0.5000,1.0000
2025-06-01 22:00:00+00:00,1,0.9099,0.5000,1.0000
2025-06-01 22:00:00+00:00,1,0.8716,0.5000,1.0000
2025-06-01 22:00:00+00:00,1,0.8717,0.5000,1.0000
2025-06-01 22:00:00+00:00,1,0.9099,0.5000,1.0000
2025-06-01 22:00:00+00:00,1,0.8716,0.5000,1.0000
2025-06-02 22:00:00+00:00,1,0.6094,0.5000,1.0000
2025-06-02 22:00:00+00:00,1,0.6083,0.5000,1.0000
2025-06-03 22:00:00+00:00,0,0.6895,0.5000,-1.0000
2025-06-03 22:00:00+00:00,0,0.5866,0.5000,-1.0000
2025-06-04 22:00:00+00:00,1,0.5049,0.5000,1.0000
2025-06-04 22:00:00+00:00,1,0.6601,0.5000,1.0000
2025-06-04 22:00:00+00:00,1,0.5889,0.5000,1.0000
2025-06-05 22:00:00+00:00,1,0.8423,0.5000,1.0000
2025-06-05 22:00:00+00:00,1,0.8508,0.5000,1.0000
2025-06-05 22:00:00+00:00,1,0.8497,0.5000,1.0000
2025-06-08 22:00:00+00:00,0,0.6850,0.5000,-1.0000
2025-06-08 22:00:00+00:00,0,0.6850,0.5000,-1.0000
2025-06-09 22:00:00+00:00,0,0.6199,0.5000,-1.0000
2025-06-10 22:00:00+00:00,0,0.6994,0.5000,-1.0000
2025-06-10 22:00:00+00:00,0,0.7081,0.5000,-1.0000
2025-06-11 22:00:00+00:00,1,0.7095,0.5000,1.0000
2025-06-11 22:00:00+00:00,1,0.8236,0.5000,1.0000
2025-06-11 22:00:00+00:00,1,0.7569,0.5000,1.0000
2025-06-15 22:00:00+00:00,1,0.8601,0.5000,1.0000
2025-06-15 22:00:00+00:00,1,0.8795,0.5000,1.0000
2025-06-15 22:00:00+00:00,1,0.8421,0.5000,1.0000
2025-06-15 22:00:00+00:00,1,0.8795,0.5000,1.0000
2025-06-15 22:00:00+00:00,1,0.8421,0.5000,1.0000
2025-06-15 22:00:00+00:00,1,0.8601,0.5000,1.0000
2025-06-17 22:00:00+00:00,1,0.7562,0.5000,1.0000
2025-06-17 22:00:00+00:00,1,0.8436,0.5000,1.0000
2025-06-17 22:00:00+00:00,1,0.7972,0.5000,1.0000
2025-06-18 22:00:00+00:00,1,0.5154,0.5000,1.0000
2025-06-22 22:00:00+00:00,1,0.9009,0.5000,1.0000
2025-06-22 22:00:00+00:00,1,0.8456,0.5000,1.0000
2025-06-22 22:00:00+00:00,1,0.8369,0.5000,1.0000
2025-06-22 22:00:00+00:00,1,0.8369,0.5000,1.0000
2025-06-22 22:00:00+00:00,1,0.9009,0.5000,1.0000
2025-06-22 22:00:00+00:00,1,0.8456,0.5000,1.0000
2025-06-23 22:00:00+00:00,0,0.6515,0.5000,-1.0000
2025-06-25 22:00:00+00:00,1,0.7033,0.5000,1.0000
2025-06-25 22:00:00+00:00,1,0.7273,0.5000,1.0000
2025-06-29 22:00:00+00:00,0,0.8485,0.5000,-1.0000
2025-06-29 22:00:00+00:00,0,0.8485,0.5000,-1.0000
2025-07-01 22:00:00+00:00,0,0.5456,0.5000,-1.0000
2025-07-01 22:00:00+00:00,1,0.7646,0.5000,1.0000
2025-07-02 22:00:00+00:00,0,0.7269,0.5000,-1.0000
2025-07-02 22:00:00+00:00,0,0.6512,0.5000,-1.0000
2025-07-02 22:00:00+00:00,0,0.7238,0.5000,-1.0000
2025-07-03 22:00:00+00:00,1,0.7199,0.5000,1.0000
2025-07-07 22:00:00+00:00,0,0.5735,0.5000,-1.0000
2025-07-07 22:00:00+00:00,0,0.5822,0.5000,-1.0000
2025-07-07 22:00:00+00:00,0,0.7361,0.5000,-1.0000
2025-07-08 22:00:00+00:00,0,0.5304,0.5000,-1.0000
2025-07-09 22:00:00+00:00,0,0.7309,0.5000,-1.0000
2025-07-09 22:00:00+00:00,0,0.5332,0.5000,-1.0000
2025-07-09 22:00:00+00:00,1,0.5874,0.5000,1.0000
2025-07-13 22:00:00+00:00,1,0.9117,0.5000,1.0000
2025-07-13 22:00:00+00:00,1,0.8898,0.5000,1.0000
2025-07-13 22:00:00+00:00,1,0.8631,0.5000,1.0000
2025-07-13 22:00:00+00:00,1,0.9117,0.5000,1.0000
2025-07-13 22:00:00+00:00,1,0.8898,0.5000,1.0000
2025-07-13 22:00:00+00:00,1,0.8631,0.5000,1.0000
2025-07-14 22:00:00+00:00,1,0.7181,0.5000,1.0000
2025-07-14 22:00:00+00:00,1,0.5999,0.5000,1.0000
2025-07-15 22:00:00+00:00,0,0.6967,0.5000,-1.0000
2025-07-17 22:00:00+00:00,1,0.7599,0.5000,1.0000
2025-07-21 22:00:00+00:00,0,0.6822,0.5000,-1.0000
2025-07-21 22:00:00+00:00,0,0.6409,0.5000,-1.0000
2025-07-22 22:00:00+00:00,0,0.6407,0.5000,-1.0000
2025-07-22 22:00:00+00:00,0,0.6379,0.5000,-1.0000
2025-07-23 22:00:00+00:00,1,0.7580,0.5000,1.0000
2025-07-23 22:00:00+00:00,1,0.7425,0.5000,1.0000
2025-07-24 22:00:00+00:00,1,0.7299,0.5000,1.0000
2025-07-24 22:00:00+00:00,0,0.6735,0.5000,-1.0000
2025-07-28 22:00:00+00:00,0,0.7420,0.5000,-1.0000
2025-07-28 22:00:00+00:00,0,0.5989,0.5000,-1.0000
2025-07-28 22:00:00+00:00,0,0.6246,0.5000,-1.0000
2025-07-29 22:00:00+00:00,0,0.6913,0.5000,-1.0000
2025-07-31 22:00:00+00:00,1,0.7452,0.5000,1.0000
2025-07-31 22:00:00+00:00,0,0.8099,0.5000,-1.0000
2025-08-03 22:00:00+00:00,0,0.7847,0.5000,-1.0000
2025-08-03 22:00:00+00:00,0,0.7694,0.5000,-1.0000
2025-08-03 22:00:00+00:00,0,0.7833,0.5000,-1.0000
2025-08-03 22:00:00+00:00,0,0.7847,0.5000,-1.0000
2025-08-03 22:00:00+00:00,0,0.7694,0.5000,-1.0000
2025-08-03 22:00:00+00:00,0,0.7833,0.5000,-1.0000
2025-08-05 22:00:00+00:00,0,0.5625,0.5000,-1.0000
2025-08-05 22:00:00+00:00,0,0.7310,0.5000,-1.0000
2025-08-06 22:00:00+00:00,1,0.7357,0.5000,1.0000
2025-08-07 22:00:00+00:00,0,0.6952,0.5000,-1.0000
2025-08-07 22:00:00+00:00,0,0.7232,0.5000,-1.0000
2025-08-07 22:00:00+00:00,0,0.5406,0.5000,-1.0000
2025-08-10 22:00:00+00:00,1,0.7932,0.5000,1.0000
2025-08-10 22:00:00+00:00,1,0.5332,0.5000,1.0000
2025-08-10 22:00:00+00:00,1,0.8755,0.5000,1.0000
2025-08-10 22:00:00+00:00,1,0.7932,0.5000,1.0000
2025-08-10 22:00:00+00:00,1,0.5332,0.5000,1.0000
2025-08-10 22:00:00+00:00,1,0.8755,0.5000,1.0000
2025-08-11 22:00:00+00:00,0,0.5020,0.5000,-1.0000
2025-08-12 22:00:00+00:00,1,0.7383,0.5000,1.0000
2025-08-12 22:00:00+00:00,1,0.6330,0.5000,1.0000
2025-08-14 22:00:00+00:00,0,0.7050,0.5000,-1.0000
2025-08-14 22:00:00+00:00,1,0.6701,0.5000,1.0000
2025-08-14 22:00:00+00:00,1,0.7383,0.5000,1.0000
2025-08-17 22:00:00+00:00,0,0.5092,0.5000,-1.0000
2025-08-17 22:00:00+00:00,0,0.5092,0.5000,-1.0000
2025-08-19 22:00:00+00:00,0,0.7374,0.5000,-1.0000
2025-08-19 22:00:00+00:00,0,0.5397,0.5000,-1.0000
2025-08-19 22:00:00+00:00,0,0.6965,0.5000,-1.0000
2025-08-20 22:00:00+00:00,0,0.5675,0.5000,-1.0000
2025-08-24 22:00:00+00:00,0,0.6748,0.5000,-1.0000
2025-08-24 22:00:00+00:00,0,0.6748,0.5000,-1.0000
2025-08-25 22:00:00+00:00,0,0.5749,0.5000,-1.0000
2025-08-26 22:00:00+00:00,0,0.6289,0.5000,-1.0000
2025-08-26 22:00:00+00:00,0,0.5938,0.5000,-1.0000
2025-08-26 22:00:00+00:00,1,0.7956,0.5000,1.0000
2025-08-27 22:00:00+00:00,1,0.5765,0.5000,1.0000
2025-08-27 22:00:00+00:00,1,0.6408,0.5000,1.0000
2025-08-28 22:00:00+00:00,1,0.5679,0.5000,1.0000
2025-08-28 22:00:00+00:00,0,0.5113,0.5000,-1.0000
2025-08-28 22:00:00+00:00,1,0.6285,0.5000,1.0000
2025-09-01 22:00:00+00:00,1,0.7469,0.5000,1.0000
2025-09-03 22:00:00+00:00,1,0.7612,0.5000,1.0000
2025-09-03 22:00:00+00:00,1,0.6149,0.5000,1.0000
2025-09-07 22:00:00+00:00,1,0.8213,0.5000,1.0000
2025-09-07 22:00:00+00:00,1,0.8213,0.5000,1.0000
2025-09-08 22:00:00+00:00,0,0.6775,0.5000,-1.0000
2025-09-10 22:00:00+00:00,0,0.6753,0.5000,-1.0000
2025-09-10 22:00:00+00:00,0,0.6846,0.5000,-1.0000
2025-09-10 22:00:00+00:00,0,0.7929,0.5000,-1.0000
2025-09-15 22:00:00+00:00,1,0.7244,0.5000,1.0000
2025-09-15 22:00:00+00:00,0,0.6292,0.5000,-1.0000
2025-09-16 22:00:00+00:00,1,0.6156,0.5000,1.0000
2025-09-16 22:00:00+00:00,0,0.7183,0.5000,-1.0000
2025-09-17 22:00:00+00:00,0,0.7179,0.5000,-1.0000
2025-09-17 22:00:00+00:00,1,0.7004,0.5000,1.0000
2025-09-18 22:00:00+00:00,0,0.7383,0.5000,-1.0000
2025-09-18 22:00:00+00:00,0,0.5833,0.5000,-1.0000
2025-09-22 22:00:00+00:00,1,0.6213,0.5000,1.0000
2025-09-24 22:00:00+00:00,0,0.5555,0.5000,-1.0000
2025-09-28 22:00:00+00:00,0,0.6035,0.5000,-1.0000
2025-09-28 22:00:00+00:00,0,0.6035,0.5000,-1.0000
2025-09-29 22:00:00+00:00,0,0.5033,0.5000,-1.0000
2025-09-29 22:00:00+00:00,0,0.5561,0.5000,-1.0000
2025-10-02 22:00:00+00:00,1,0.7114,0.5000,1.0000
2025-10-02 22:00:00+00:00,0,0.5552,0.5000,-1.0000
2025-10-02 22:00:00+00:00,0,0.6898,0.5000,-1.0000
2025-10-06 22:00:00+00:00,0,0.6266,0.5000,-1.0000
2025-10-07 22:00:00+00:00,0,0.5906,0.5000,-1.0000
2025-10-08 22:00:00+00:00,1,0.6958,0.5000,1.0000
2025-10-08 22:00:00+00:00,0,0.6459,0.5000,-1.0000
2025-10-09 22:00:00+00:00,0,0.5127,0.5000,-1.0000
2025-10-09 22:00:00+00:00,0,0.7894,0.5000,-1.0000
2025-10-14 22:00:00+00:00,0,0.5521,0.5000,-1.0000
2025-10-14 22:00:00+00:00,0,0.5857,0.5000,-1.0000
2025-10-15 22:00:00+00:00,0,0.5725,0.5000,-1.0000
2025-10-20 22:00:00+00:00,0,0.5774,0.5000,-1.0000
2025-10-20 22:00:00+00:00,1,0.5889,0.5000,1.0000
2025-10-22 22:00:00+00:00,1,0.8003,0.5000,1.0000
2025-10-22 22:00:00+00:00,1,0.7693,0.5000,1.0000
2025-10-22 22:00:00+00:00,1,0.5226,0.5000,1.0000
2025-10-23 22:00:00+00:00,0,0.6549,0.5000,-1.0000
2025-10-27 22:00:00+00:00,1,0.7341,0.5000,1.0000
2025-10-28 22:00:00+00:00,1,0.6042,0.5000,1.0000
2025-10-29 22:00:00+00:00,1,0.8514,0.5000,1.0000
2025-10-29 22:00:00+00:00,1,0.8294,0.5000,1.0000
2025-10-29 22:00:00+00:00,1,0.8386,0.5000,1.0000
2025-11-03 23:00:00+00:00,1,0.6485,0.5000,1.0000
2025-11-04 23:00:00+00:00,1,0.7029,0.5000,1.0000
2025-11-04 23:00:00+00:00,0,0.7314,0.5000,-1.0000
2025-11-04 23:00:00+00:00,1,0.7491,0.5000,1.0000
2025-11-05 23:00:00+00:00,1,0.7367,0.5000,1.0000
2025-11-06 23:00:00+00:00,1,0.6641,0.5000,1.0000
2025-11-10 23:00:00+00:00,0,0.5607,0.5000,-1.0000
2025-11-10 23:00:00+00:00,0,0.5469,0.5000,-1.0000
2025-11-11 23:00:00+00:00,1,0.5749,0.5000,1.0000
2025-11-12 23:00:00+00:00,1,0.5031,0.5000,1.0000
2025-11-16 23:00:00+00:00,1,0.5149,0.5000,1.0000
2025-11-16 23:00:00+00:00,1,0.8059,0.5000,1.0000
2025-11-16 23:00:00+00:00,1,0.5149,0.5000,1.0000
2025-11-16 23:00:00+00:00,1,0.8059,0.5000,1.0000
2025-11-17 23:00:00+00:00,0,0.5119,0.5000,-1.0000
2025-11-24 23:00:00+00:00,1,0.7541,0.5000,1.0000
2025-11-25 23:00:00+00:00,1,0.6514,0.5000,1.0000
2025-11-30 23:00:00+00:00,0,0.6048,0.5000,-1.0000
2025-11-30 23:00:00+00:00,0,0.7450,0.5000,-1.0000
2025-11-30 23:00:00+00:00,0,0.6048,0.5000,-1.0000
2025-11-30 23:00:00+00:00,0,0.7450,0.5000,-1.0000
2025-12-02 23:00:00+00:00,0,0.6269,0.5000,-1.0000
2025-12-03 23:00:00+00:00,1,0.8562,0.5000,1.0000
2025-12-04 23:00:00+00:00,0,0.6754,0.5000,-1.0000
2025-12-04 23:00:00+00:00,0,0.5882,0.5000,-1.0000
2025-12-08 23:00:00+00:00,1,0.6491,0.5000,1.0000
2025-12-10 23:00:00+00:00,0,0.6894,0.5000,-1.0000
2025-12-10 23:00:00+00:00,1,0.8379,0.5000,1.0000
2025-12-10 23:00:00+00:00,1,0.8544,0.5000,1.0000
2025-12-11 23:00:00+00:00,1,0.8661,0.5000,1.0000
2025-12-11 23:00:00+00:00,1,0.8799,0.5000,1.0000
2025-12-11 23:00:00+00:00,0,0.6575,0.5000,-1.0000
2025-12-14 23:00:00+00:00,0,0.7731,0.5000,-1.0000
2025-12-14 23:00:00+00:00,0,0.7731,0.5000,-1.0000
2025-12-18 23:01:00+00:00,1,0.5620,0.5000,1.0000
2025-12-28 23:00:00+00:00,0,0.6754,0.5000,-1.0000
2025-12-28 23:00:00+00:00,0,0.6754,0.5000,-1.0000
2025-12-29 23:00:00+00:00,1,0.6806,0.5000,1.0000
2025-01-14 23:00:00+00:00,1,0.6094,0.6000,1.0000
2025-01-15 23:00:00+00:00,0,0.6755,0.6000,-1.0000
2025-01-21 23:00:00+00:00,1,0.7043,0.6000,1.0000
2025-01-22 23:00:00+00:00,1,0.6215,0.6000,1.0000
2025-01-23 23:00:00+00:00,1,0.7773,0.6000,1.0000
2025-01-23 23:00:00+00:00,1,0.6671,0.6000,1.0000
2025-01-23 23:00:00+00:00,1,0.6999,0.6000,1.0000
2025-01-26 23:00:00+00:00,1,0.8913,0.6000,1.0000
2025-01-26 23:00:00+00:00,1,0.9435,0.6000,1.0000
2025-01-26 23:00:00+00:00,1,0.8993,0.6000,1.0000
2025-01-26 23:00:00+00:00,1,0.8913,0.6000,1.0000
2025-01-26 23:00:00+00:00,1,0.9435,0.6000,1.0000
2025-01-26 23:00:00+00:00,1,0.8993,0.6000,1.0000
2025-01-29 23:00:00+00:00,1,0.8617,0.6000,1.0000
2025-01-29 23:00:00+00:00,1,0.8531,0.6000,1.0000
2025-01-29 23:00:00+00:00,1,0.7606,0.6000,1.0000
2025-02-02 23:00:00+00:00,1,0.8675,0.6000,1.0000
2025-02-02 23:00:00+00:00,1,0.9170,0.6000,1.0000
2025-02-02 23:00:00+00:00,1,0.8776,0.6000,1.0000
2025-02-02 23:00:00+00:00,1,0.8675,0.6000,1.0000
2025-02-02 23:00:00+00:00,1,0.9170,0.6000,1.0000
2025-02-02 23:00:00+00:00,1,0.8776,0.6000,1.0000
2025-02-04 23:00:00+00:00,1,0.7616,0.6000,1.0000
2025-02-04 23:00:00+00:00,1,0.7373,0.6000,1.0000
2025-02-05 23:00:00+00:00,1,0.7453,0.6000,1.0000
2025-02-06 23:00:00+00:00,1,0.7902,0.6000,1.0000
2025-02-06 23:00:00+00:00,1,0.7952,0.6000,1.0000
2025-02-09 23:00:00+00:00,1,0.8581,0.6000,1.0000
2025-02-09 23:00:00+00:00,1,0.9271,0.6000,1.0000
2025-02-09 23:00:00+00:00,1,0.8777,0.6000,1.0000
2025-02-09 23:00:00+00:00,1,0.8581,0.6000,1.0000
2025-02-09 23:00:00+00:00,1,0.9271,0.6000,1.0000
2025-02-09 23:00:00+00:00,1,0.8777,0.6000,1.0000
2025-02-10 23:00:00+00:00,1,0.7172,0.6000,1.0000
2025-02-10 23:00:00+00:00,1,0.8066,0.6000,1.0000
2025-02-10 23:00:00+00:00,1,0.6179,0.6000,1.0000
2025-02-12 23:00:00+00:00,0,0.6500,0.6000,-1.0000
2025-02-13 23:00:00+00:00,0,0.6355,0.6000,-1.0000
2025-02-13 23:00:00+00:00,0,0.7433,0.6000,-1.0000
2025-02-17 23:00:00+00:00,1,0.7242,0.6000,1.0000
2025-02-17 23:00:00+00:00,1,0.6646,0.6000,1.0000
2025-02-17 23:00:00+00:00,1,0.6706,0.6000,1.0000
2025-02-18 23:00:00+00:00,0,0.7211,0.6000,-1.0000
2025-02-18 23:00:00+00:00,0,0.6211,0.6000,-1.0000
2025-02-19 23:00:00+00:00,0,0.7529,0.6000,-1.0000
2025-02-19 23:00:00+00:00,0,0.7285,0.6000,-1.0000
2025-02-19 23:00:00+00:00,0,0.6211,0.6000,-1.0000
2025-02-26 23:00:00+00:00,1,0.7313,0.6000,1.0000
2025-02-26 23:00:00+00:00,1,0.8532,0.6000,1.0000
2025-02-26 23:00:00+00:00,1,0.7762,0.6000,1.0000
2025-03-09 22:00:00+00:00,1,0.8761,0.6000,1.0000
2025-03-09 22:00:00+00:00,1,0.9249,0.6000,1.0000
2025-03-09 22:00:00+00:00,1,0.8716,0.6000,1.0000
2025-03-09 22:00:00+00:00,1,0.8761,0.6000,1.0000
2025-03-09 22:00:00+00:00,1,0.9249,0.6000,1.0000
2025-03-09 22:00:00+00:00,1,0.8716,0.6000,1.0000
2025-03-10 22:00:00+00:00,1,0.6831,0.6000,1.0000
2025-03-10 22:00:00+00:00,1,0.7857,0.6000,1.0000
2025-03-16 22:00:00+00:00,0,0.6174,0.6000,-1.0000
2025-03-16 22:00:00+00:00,0,0.6174,0.6000,-1.0000
2025-03-17 22:00:00+00:00,0,0.6112,0.6000,-1.0000
2025-03-20 22:00:00+00:00,1,0.6804,0.6000,1.0000
2025-03-20 22:08:00+00:00,0,0.6725,0.6000,-1.0000
2025-03-25 22:00:00+00:00,1,0.7183,0.6000,1.0000
2025-03-25 22:00:00+00:00,0,0.6256,0.6000,-1.0000
2025-03-26 22:00:00+00:00,1,0.8646,0.6000,1.0000
2025-03-26 22:00:00+00:00,1,0.8879,0.6000,1.0000
2025-03-26 22:00:00+00:00,1,0.8406,0.6000,1.0000
2025-03-30 22:00:00+00:00,1,0.8574,0.6000,1.0000
2025-03-30 22:00:00+00:00,1,0.8925,0.6000,1.0000
2025-03-30 22:00:00+00:00,1,0.8775,0.6000,1.0000
2025-03-30 22:00:00+00:00,1,0.8574,0.6000,1.0000
2025-03-30 22:00:00+00:00,1,0.8925,0.6000,1.0000
2025-03-30 22:00:00+00:00,1,0.8775,0.6000,1.0000
2025-04-02 22:00:00+00:00,1,0.8740,0.6000,1.0000
2025-04-02 22:00:00+00:00,1,0.8306,0.6000,1.0000
2025-04-02 22:02:00+00:00,1,0.8603,0.6000,1.0000
2025-04-06 22:00:00+00:00,1,0.8980,0.6000,1.0000
2025-04-06 22:00:00+00:00,1,0.9215,0.6000,1.0000
2025-04-06 22:00:00+00:00,1,0.8920,0.6000,1.0000
2025-04-06 22:00:00+00:00,1,0.8980,0.6000,1.0000
2025-04-06 22:00:00+00:00,1,0.9215,0.6000,1.0000
2025-04-06 22:00:00+00:00,1,0.8920,0.6000,1.0000
2025-04-08 22:00:00+00:00,1,0.6677,0.6000,1.0000
2025-04-09 22:00:00+00:00,1,0.8664,0.6000,1.0000
2025-04-09 22:00:00+00:00,1,0.7746,0.6000,1.0000
2025-04-09 22:00:00+00:00,1,0.8523,0.6000,1.0000
2025-04-10 22:00:00+00:00,0,0.8495,0.6000,-1.0000
2025-04-10 22:00:00+00:00,0,0.8563,0.6000,-1.0000
2025-04-15 22:00:00+00:00,1,0.8520,0.6000,1.0000
2025-04-15 22:00:00+00:00,1,0.8656,0.6000,1.0000
2025-04-15 22:00:00+00:00,1,0.8429,0.6000,1.0000
2025-04-23 22:00:00+00:00,1,0.8036,0.6000,1.0000
2025-04-23 22:00:00+00:00,1,0.6353,0.6000,1.0000
2025-04-27 22:00:00+00:00,1,0.8151,0.6000,1.0000
2025-04-27 22:00:00+00:00,1,0.8384,0.6000,1.0000
2025-04-27 22:00:00+00:00,1,0.8736,0.6000,1.0000
2025-04-27 22:00:00+00:00,1,0.8151,0.6000,1.0000
2025-04-27 22:00:00+00:00,1,0.8384,0.6000,1.0000
2025-04-27 22:00:00+00:00,1,0.8736,0.6000,1.0000
2025-04-28 22:00:00+00:00,1,0.6348,0.6000,1.0000
2025-04-28 22:00:00+00:00,1,0.7565,0.6000,1.0000
2025-04-28 22:00:00+00:00,1,0.7885,0.6000,1.0000
2025-04-29 22:00:00+00:00,1,0.7745,0.6000,1.0000
2025-04-29 22:00:00+00:00,1,0.6465,0.6000,1.0000
2025-04-29 22:00:00+00:00,1,0.8211,0.6000,1.0000
2025-04-30 22:00:00+00:00,0,0.7902,0.6000,-1.0000
2025-04-30 22:00:00+00:00,0,0.7321,0.6000,-1.0000
2025-04-30 22:00:00+00:00,0,0.6092,0.6000,-1.0000
2025-05-01 22:00:00+00:00,1,0.7924,0.6000,1.0000
2025-05-01 22:00:00+00:00,1,0.7128,0.6000,1.0000
2025-05-04 22:00:00+00:00,1,0.8310,0.6000,1.0000
2025-05-04 22:00:00+00:00,1,0.8583,0.6000,1.0000
2025-05-04 22:00:00+00:00,1,0.7964,0.6000,1.0000
2025-05-04 22:00:00+00:00,1,0.8310,0.6000,1.0000
2025-05-04 22:00:00+00:00,1,0.8583,0.6000,1.0000
2025-05-04 22:00:00+00:00,1,0.7964,0.6000,1.0000
2025-05-05 22:00:00+00:00,1,0.7945,0.6000,1.0000
2025-05-05 22:00:00+00:00,1,0.7136,0.6000,1.0000
2025-05-06 22:00:00+00:00,0,0.8513,0.6000,-1.0000
2025-05-06 22:00:00+00:00,0,0.7142,0.6000,-1.0000
2025-05-07 22:00:00+00:00,1,0.8197,0.6000,1.0000
2025-05-07 22:00:00+00:00,1,0.7608,0.6000,1.0000
2025-05-07 22:00:00+00:00,1,0.7319,0.6000,1.0000
2025-05-12 22:00:00+00:00,1,0.7358,0.6000,1.0000
2025-05-12 22:00:00+00:00,1,0.6887,0.6000,1.0000
2025-05-13 22:00:00+00:00,0,0.6088,0.6000,-1.0000
2025-05-14 22:00:00+00:00,1,0.8367,0.6000,1.0000
2025-05-14 22:00:00+00:00,1,0.7470,0.6000,1.0000
2025-05-14 22:00:00+00:00,1,0.8359,0.6000,1.0000
2025-05-18 22:00:00+00:00,1,0.8986,0.6000,1.0000
2025-05-18 22:00:00+00:00,1,0.9314,0.6000,1.0000
2025-05-18 22:00:00+00:00,1,0.8503,0.6000,1.0000
2025-05-18 22:00:00+00:00,1,0.8986,0.6000,1.0000
2025-05-18 22:00:00+00:00,1,0.9314,0.6000,1.0000
2025-05-18 22:00:00+00:00,1,0.8503,0.6000,1.0000
2025-05-19 22:00:00+00:00,1,0.7968,0.6000,1.0000
2025-05-19 22:00:00+00:00,1,0.7106,0.6000,1.0000
2025-05-19 22:00:00+00:00,1,0.7225,0.6000,1.0000
2025-05-20 22:00:00+00:00,1,0.6087,0.6000,1.0000
2025-05-20 22:00:00+00:00,1,0.6774,0.6000,1.0000
2025-05-21 22:00:00+00:00,0,0.7300,0.6000,-1.0000
2025-05-22 22:00:00+00:00,0,0.6570,0.6000,-1.0000
2025-05-26 22:00:00+00:00,1,0.6372,0.6000,1.0000
2025-05-26 22:00:00+00:00,1,0.7490,0.6000,1.0000
2025-05-26 22:00:00+00:00,0,0.7663,0.6000,-1.0000
2025-05-27 22:00:00+00:00,1,0.6475,0.6000,1.0000
2025-05-28 22:00:00+00:00,1,0.7535,0.6000,1.0000
2025-05-28 22:00:00+00:00,1,0.7261,0.6000,1.0000
2025-05-29 22:00:00+00:00,1,0.6490,0.6000,1.0000
2025-05-29 22:00:00+00:00,1,0.7355,0.6000,1.0000
2025-06-01 22:00:00+00:00,1,0.8717,0.6000,1.0000
2025-06-01 22:00:00+00:00,1,0.9099,0.6000,1.0000
2025-06-01 22:00:00+00:00,1,0.8716,0.6000,1.0000
2025-06-01 22:00:00+00:00,1,0.8717,0.6000,1.0000
2025-06-01 22:00:00+00:00,1,0.9099,0.6000,1.0000
2025-06-01 22:00:00+00:00,1,0.8716,0.6000,1.0000
2025-06-02 22:00:00+00:00,1,0.6094,0.6000,1.0000
2025-06-02 22:00:00+00:00,1,0.6083,0.6000,1.0000
2025-06-03 22:00:00+00:00,0,0.6895,0.6000,-1.0000
2025-06-04 22:00:00+00:00,1,0.6601,0.6000,1.0000
2025-06-05 22:00:00+00:00,1,0.8423,0.6000,1.0000
2025-06-05 22:00:00+00:00,1,0.8508,0.6000,1.0000
2025-06-05 22:00:00+00:00,1,0.8497,0.6000,1.0000
2025-06-08 22:00:00+00:00,0,0.6850,0.6000,-1.0000
2025-06-08 22:00:00+00:00,0,0.6850,0.6000,-1.0000
2025-06-09 22:00:00+00:00,0,0.6199,0.6000,-1.0000
2025-06-10 22:00:00+00:00,0,0.6994,0.6000,-1.0000
2025-06-10 22:00:00+00:00,0,0.7081,0.6000,-1.0000
2025-06-11 22:00:00+00:00,1,0.7095,0.6000,1.0000
2025-06-11 22:00:00+00:00,1,0.8236,0.6000,1.0000
2025-06-11 22:00:00+00:00,1,0.7569,0.6000,1.0000
2025-06-15 22:00:00+00:00,1,0.8601,0.6000,1.0000
2025-06-15 22:00:00+00:00,1,0.8795,0.6000,1.0000
2025-06-15 22:00:00+00:00,1,0.8421,0.6000,1.0000
2025-06-15 22:00:00+00:00,1,0.8795,0.6000,1.0000
2025-06-15 22:00:00+00:00,1,0.8421,0.6000,1.0000
2025-06-15 22:00:00+00:00,1,0.8601,0.6000,1.0000
2025-06-17 22:00:00+00:00,1,0.7562,0.6000,1.0000
2025-06-17 22:00:00+00:00,1,0.8436,0.6000,1.0000
2025-06-17 22:00:00+00:00,1,0.7972,0.6000,1.0000
2025-06-22 22:00:00+00:00,1,0.9009,0.6000,1.0000
2025-06-22 22:00:00+00:00,1,0.8456,0.6000,1.0000
2025-06-22 22:00:00+00:00,1,0.8369,0.6000,1.0000
2025-06-22 22:00:00+00:00,1,0.8369,0.6000,1.0000
2025-06-22 22:00:00+00:00,1,0.9009,0.6000,1.0000
2025-06-22 22:00:00+00:00,1,0.8456,0.6000,1.0000
2025-06-23 22:00:00+00:00,0,0.6515,0.6000,-1.0000
2025-06-25 22:00:00+00:00,1,0.7033,0.6000,1.0000
2025-06-25 22:00:00+00:00,1,0.7273,0.6000,1.0000
2025-06-29 22:00:00+00:00,0,0.8485,0.6000,-1.0000
2025-06-29 22:00:00+00:00,0,0.8485,0.6000,-1.0000
2025-07-01 22:00:00+00:00,1,0.7646,0.6000,1.0000
2025-07-02 22:00:00+00:00,0,0.7269,0.6000,-1.0000
2025-07-02 22:00:00+00:00,0,0.6512,0.6000,-1.0000
2025-07-02 22:00:00+00:00,0,0.7238,0.6000,-1.0000
2025-07-03 22:00:00+00:00,1,0.7199,0.6000,1.0000
2025-07-07 22:00:00+00:00,0,0.7361,0.6000,-1.0000
2025-07-09 22:00:00+00:00,0,0.7309,0.6000,-1.0000
2025-07-13 22:00:00+00:00,1,0.9117,0.6000,1.0000
2025-07-13 22:00:00+00:00,1,0.8898,0.6000,1.0000
2025-07-13 22:00:00+00:00,1,0.8631,0.6000,1.0000
2025-07-13 22:00:00+00:00,1,0.9117,0.6000,1.0000
2025-07-13 22:00:00+00:00,1,0.8898,0.6000,1.0000
2025-07-13 22:00:00+00:00,1,0.8631,0.6000,1.0000
2025-07-14 22:00:00+00:00,1,0.7181,0.6000,1.0000
2025-07-15 22:00:00+00:00,0,0.6967,0.6000,-1.0000
2025-07-17 22:00:00+00:00,1,0.7599,0.6000,1.0000
2025-07-21 22:00:00+00:00,0,0.6822,0.6000,-1.0000
2025-07-21 22:00:00+00:00,0,0.6409,0.6000,-1.0000
2025-07-22 22:00:00+00:00,0,0.6407,0.6000,-1.0000
2025-07-22 22:00:00+00:00,0,0.6379,0.6000,-1.0000
2025-07-23 22:00:00+00:00,1,0.7580,0.6000,1.0000
2025-07-23 22:00:00+00:00,1,0.7425,0.6000,1.0000
2025-07-24 22:00:00+00:00,1,0.7299,0.6000,1.0000
2025-07-24 22:00:00+00:00,0,0.6735,0.6000,-1.0000
2025-07-28 22:00:00+00:00,0,0.7420,0.6000,-1.0000
2025-07-28 22:00:00+00:00,0,0.6246,0.6000,-1.0000
2025-07-29 22:00:00+00:00,0,0.6913,0.6000,-1.0000
2025-07-31 22:00:00+00:00,1,0.7452,0.6000,1.0000
2025-07-31 22:00:00+00:00,0,0.8099,0.6000,-1.0000
2025-08-03 22:00:00+00:00,0,0.7847,0.6000,-1.0000
2025-08-03 22:00:00+00:00,0,0.7694,0.6000,-1.0000
2025-08-03 22:00:00+00:00,0,0.7833,0.6000,-1.0000
2025-08-03 22:00:00+00:00,0,0.7847,0.6000,-1.0000
2025-08-03 22:00:00+00:00,0,0.7694,0.6000,-1.0000
2025-08-03 22:00:00+00:00,0,0.7833,0.6000,-1.0000
2025-08-05 22:00:00+00:00,0,0.7310,0.6000,-1.0000
2025-08-06 22:00:00+00:00,1,0.7357,0.6000,1.0000
2025-08-07 22:00:00+00:00,0,0.6952,0.6000,-1.0000
2025-08-07 22:00:00+00:00,0,0.7232,0.6000,-1.0000
2025-08-10 22:00:00+00:00,1,0.7932,0.6000,1.0000
2025-08-10 22:00:00+00:00,1,0.8755,0.6000,1.0000
2025-08-10 22:00:00+00:00,1,0.7932,0.6000,1.0000
2025-08-10 22:00:00+00:00,1,0.8755,0.6000,1.0000
2025-08-12 22:00:00+00:00,1,0.7383,0.6000,1.0000
2025-08-12 22:00:00+00:00,1,0.6330,0.6000,1.0000
2025-08-14 22:00:00+00:00,0,0.7050,0.6000,-1.0000
2025-08-14 22:00:00+00:00,1,0.6701,0.6000,1.0000
2025-08-14 22:00:00+00:00,1,0.7383,0.6000,1.0000
2025-08-19 22:00:00+00:00,0,0.7374,0.6000,-1.0000
2025-08-19 22:00:00+00:00,0,0.6965,0.6000,-1.0000
2025-08-24 22:00:00+00:00,0,0.6748,0.6000,-1.0000
2025-08-24 22:00:00+00:00,0,0.6748,0.6000,-1.0000
2025-08-26 22:00:00+00:00,0,0.6289,0.6000,-1.0000
2025-08-26 22:00:00+00:00,1,0.7956,0.6000,1.0000
2025-08-27 22:00:00+00:00,1,0.6408,0.6000,1.0000
2025-08-28 22:00:00+00:00,1,0.6285,0.6000,1.0000
2025-09-01 22:00:00+00:00,1,0.7469,0.6000,1.0000
2025-09-03 22:00:00+00:00,1,0.7612,0.6000,1.0000
2025-09-03 22:00:00+00:00,1,0.6149,0.6000,1.0000
2025-09-07 22:00:00+00:00,1,0.8213,0.6000,1.0000
2025-09-07 22:00:00+00:00,1,0.8213,0.6000,1.0000
2025-09-08 22:00:00+00:00,0,0.6775,0.6000,-1.0000
2025-09-10 22:00:00+00:00,0,0.6753,0.6000,-1.0000
2025-09-10 22:00:00+00:00,0,0.6846,0.6000,-1.0000
2025-09-10 22:00:00+00:00,0,0.7929,0.6000,-1.0000
2025-09-15 22:00:00+00:00,1,0.7244,0.6000,1.0000
2025-09-15 22:00:00+00:00,0,0.6292,0.6000,-1.0000
2025-09-16 22:00:00+00:00,1,0.6156,0.6000,1.0000
2025-09-16 22:00:00+00:00,0,0.7183,0.6000,-1.0000
2025-09-17 22:00:00+00:00,0,0.7179,0.6000,-1.0000
2025-09-17 22:00:00+00:00,1,0.7004,0.6000,1.0000
2025-09-18 22:00:00+00:00,0,0.7383,0.6000,-1.0000
2025-09-22 22:00:00+00:00,1,0.6213,0.6000,1.0000
2025-09-28 22:00:00+00:00,0,0.6035,0.6000,-1.0000
2025-09-28 22:00:00+00:00,0,0.6035,0.6000,-1.0000
2025-10-02 22:00:00+00:00,1,0.7114,0.6000,1.0000
2025-10-02 22:00:00+00:00,0,0.6898,0.6000,-1.0000
2025-10-06 22:00:00+00:00,0,0.6266,0.6000,-1.0000
2025-10-08 22:00:00+00:00,1,0.6958,0.6000,1.0000
2025-10-08 22:00:00+00:00,0,0.6459,0.6000,-1.0000
2025-10-09 22:00:00+00:00,0,0.7894,0.6000,-1.0000
2025-10-22 22:00:00+00:00,1,0.8003,0.6000,1.0000
2025-10-22 22:00:00+00:00,1,0.7693,0.6000,1.0000
2025-10-23 22:00:00+00:00,0,0.6549,0.6000,-1.0000
2025-10-27 22:00:00+00:00,1,0.7341,0.6000,1.0000
2025-10-28 22:00:00+00:00,1,0.6042,0.6000,1.0000
2025-10-29 22:00:00+00:00,1,0.8514,0.6000,1.0000
2025-10-29 22:00:00+00:00,1,0.8294,0.6000,1.0000
2025-10-29 22:00:00+00:00,1,0.8386,0.6000,1.0000
2025-11-03 23:00:00+00:00,1,0.6485,0.6000,1.0000
2025-11-04 23:00:00+00:00,1,0.7029,0.6000,1.0000
2025-11-04 23:00:00+00:00,0,0.7314,0.6000,-1.0000
2025-11-04 23:00:00+00:00,1,0.7491,0.6000,1.0000
2025-11-05 23:00:00+00:00,1,0.7367,0.6000,1.0000
2025-11-06 23:00:00+00:00,1,0.6641,0.6000,1.0000
2025-11-16 23:00:00+00:00,1,0.8059,0.6000,1.0000
2025-11-16 23:00:00+00:00,1,0.8059,0.6000,1.0000
2025-11-24 23:00:00+00:00,1,0.7541,0.6000,1.0000
2025-11-25 23:00:00+00:00,1,0.6514,0.6000,1.0000
2025-11-30 23:00:00+00:00,0,0.6048,0.6000,-1.0000
2025-11-30 23:00:00+00:00,0,0.7450,0.6000,-1.0000
2025-11-30 23:00:00+00:00,0,0.6048,0.6000,-1.0000
2025-11-30 23:00:00+00:00,0,0.7450,0.6000,-1.0000
2025-12-02 23:00:00+00:00,0,0.6269,0.6000,-1.0000
2025-12-03 23:00:00+00:00,1,0.8562,0.6000,1.0000
2025-12-04 23:00:00+00:00,0,0.6754,0.6000,-1.0000
2025-12-08 23:00:00+00:00,1,0.6491,0.6000,1.0000
2025-12-10 23:00:00+00:00,0,0.6894,0.6000,-1.0000
2025-12-10 23:00:00+00:00,1,0.8379,0.6000,1.0000
2025-12-10 23:00:00+00:00,1,0.8544,0.6000,1.0000
2025-12-11 23:00:00+00:00,1,0.8661,0.6000,1.0000
2025-12-11 23:00:00+00:00,1,0.8799,0.6000,1.0000
2025-12-11 23:00:00+00:00,0,0.6575,0.6000,-1.0000
2025-12-14 23:00:00+00:00,0,0.7731,0.6000,-1.0000
2025-12-14 23:00:00+00:00,0,0.7731,0.6000,-1.0000
2025-12-28 23:00:00+00:00,0,0.6754,0.6000,-1.0000
2025-12-28 23:00:00+00:00,0,0.6754,0.6000,-1.0000
2025-12-29 23:00:00+00:00,1,0.6806,0.6000,1.0000
2025-01-21 23:00:00+00:00,1,0.7043,0.7000,1.0000
2025-01-23 23:00:00+00:00,1,0.7773,0.7000,1.0000
2025-01-26 23:00:00+00:00,1,0.8913,0.7000,1.0000
2025-01-26 23:00:00+00:00,1,0.9435,0.7000,1.0000
2025-01-26 23:00:00+00:00,1,0.8993,0.7000,1.0000
2025-01-26 23:00:00+00:00,1,0.8913,0.7000,1.0000
2025-01-26 23:00:00+00:00,1,0.9435,0.7000,1.0000
2025-01-26 23:00:00+00:00,1,0.8993,0.7000,1.0000
2025-01-29 23:00:00+00:00,1,0.8617,0.7000,1.0000
2025-01-29 23:00:00+00:00,1,0.8531,0.7000,1.0000
2025-01-29 23:00:00+00:00,1,0.7606,0.7000,1.0000
2025-02-02 23:00:00+00:00,1,0.8675,0.7000,1.0000
2025-02-02 23:00:00+00:00,1,0.9170,0.7000,1.0000
2025-02-02 23:00:00+00:00,1,0.8776,0.7000,1.0000
2025-02-02 23:00:00+00:00,1,0.8675,0.7000,1.0000
2025-02-02 23:00:00+00:00,1,0.9170,0.7000,1.0000
2025-02-02 23:00:00+00:00,1,0.8776,0.7000,1.0000
2025-02-04 23:00:00+00:00,1,0.7616,0.7000,1.0000
2025-02-04 23:00:00+00:00,1,0.7373,0.7000,1.0000
2025-02-05 23:00:00+00:00,1,0.7453,0.7000,1.0000
2025-02-06 23:00:00+00:00,1,0.7902,0.7000,1.0000
2025-02-06 23:00:00+00:00,1,0.7952,0.7000,1.0000
2025-02-09 23:00:00+00:00,1,0.8581,0.7000,1.0000
2025-02-09 23:00:00+00:00,1,0.9271,0.7000,1.0000
2025-02-09 23:00:00+00:00,1,0.8777,0.7000,1.0000
2025-02-09 23:00:00+00:00,1,0.8581,0.7000,1.0000
2025-02-09 23:00:00+00:00,1,0.9271,0.7000,1.0000
2025-02-09 23:00:00+00:00,1,0.8777,0.7000,1.0000
2025-02-10 23:00:00+00:00,1,0.7172,0.7000,1.0000
2025-02-10 23:00:00+00:00,1,0.8066,0.7000,1.0000
2025-02-13 23:00:00+00:00,0,0.7433,0.7000,-1.0000
2025-02-17 23:00:00+00:00,1,0.7242,0.7000,1.0000
2025-02-18 23:00:00+00:00,0,0.7211,0.7000,-1.0000
2025-02-19 23:00:00+00:00,0,0.7529,0.7000,-1.0000
2025-02-19 23:00:00+00:00,0,0.7285,0.7000,-1.0000
2025-02-26 23:00:00+00:00,1,0.7313,0.7000,1.0000
2025-02-26 23:00:00+00:00,1,0.8532,0.7000,1.0000
2025-02-26 23:00:00+00:00,1,0.7762,0.7000,1.0000
2025-03-09 22:00:00+00:00,1,0.8761,0.7000,1.0000
2025-03-09 22:00:00+00:00,1,0.9249,0.7000,1.0000
2025-03-09 22:00:00+00:00,1,0.8716,0.7000,1.0000
2025-03-09 22:00:00+00:00,1,0.8761,0.7000,1.0000
2025-03-09 22:00:00+00:00,1,0.9249,0.7000,1.0000
2025-03-09 22:00:00+00:00,1,0.8716,0.7000,1.0000
2025-03-10 22:00:00+00:00,1,0.7857,0.7000,1.0000
2025-03-25 22:00:00+00:00,1,0.7183,0.7000,1.0000
2025-03-26 22:00:00+00:00,1,0.8646,0.7000,1.0000
2025-03-26 22:00:00+00:00,1,0.8879,0.7000,1.0000
2025-03-26 22:00:00+00:00,1,0.8406,0.7000,1.0000
2025-03-30 22:00:00+00:00,1,0.8574,0.7000,1.0000
2025-03-30 22:00:00+00:00,1,0.8925,0.7000,1.0000
2025-03-30 22:00:00+00:00,1,0.8775,0.7000,1.0000
2025-03-30 22:00:00+00:00,1,0.8574,0.7000,1.0000
2025-03-30 22:00:00+00:00,1,0.8925,0.7000,1.0000
2025-03-30 22:00:00+00:00,1,0.8775,0.7000,1.0000
2025-04-02 22:00:00+00:00,1,0.8740,0.7000,1.0000
2025-04-02 22:00:00+00:00,1,0.8306,0.7000,1.0000
2025-04-02 22:02:00+00:00,1,0.8603,0.7000,1.0000
2025-04-06 22:00:00+00:00,1,0.8980,0.7000,1.0000
2025-04-06 22:00:00+00:00,1,0.9215,0.7000,1.0000
2025-04-06 22:00:00+00:00,1,0.8920,0.7000,1.0000
2025-04-06 22:00:00+00:00,1,0.8980,0.7000,1.0000
2025-04-06 22:00:00+00:00,1,0.9215,0.7000,1.0000
2025-04-06 22:00:00+00:00,1,0.8920,0.7000,1.0000
2025-04-09 22:00:00+00:00,1,0.8664,0.7000,1.0000
2025-04-09 22:00:00+00:00,1,0.7746,0.7000,1.0000
2025-04-09 22:00:00+00:00,1,0.8523,0.7000,1.0000
2025-04-10 22:00:00+00:00,0,0.8495,0.7000,-1.0000
2025-04-10 22:00:00+00:00,0,0.8563,0.7000,-1.0000
2025-04-15 22:00:00+00:00,1,0.8520,0.7000,1.0000
2025-04-15 22:00:00+00:00,1,0.8656,0.7000,1.0000
2025-04-15 22:00:00+00:00,1,0.8429,0.7000,1.0000
2025-04-23 22:00:00+00:00,1,0.8036,0.7000,1.0000
2025-04-27 22:00:00+00:00,1,0.8151,0.7000,1.0000
2025-04-27 22:00:00+00:00,1,0.8384,0.7000,1.0000
2025-04-27 22:00:00+00:00,1,0.8736,0.7000,1.0000
2025-04-27 22:00:00+00:00,1,0.8151,0.7000,1.0000
2025-04-27 22:00:00+00:00,1,0.8384,0.7000,1.0000
2025-04-27 22:00:00+00:00,1,0.8736,0.7000,1.0000
2025-04-28 22:00:00+00:00,1,0.7565,0.7000,1.0000
2025-04-28 22:00:00+00:00,1,0.7885,0.7000,1.0000
2025-04-29 22:00:00+00:00,1,0.7745,0.7000,1.0000
2025-04-29 22:00:00+00:00,1,0.8211,0.7000,1.0000
2025-04-30 22:00:00+00:00,0,0.7902,0.7000,-1.0000
2025-04-30 22:00:00+00:00,0,0.7321,0.7000,-1.0000
2025-05-01 22:00:00+00:00,1,0.7924,0.7000,1.0000
2025-05-01 22:00:00+00:00,1,0.7128,0.7000,1.0000
2025-05-04 22:00:00+00:00,1,0.8310,0.7000,1.0000
2025-05-04 22:00:00+00:00,1,0.8583,0.7000,1.0000
2025-05-04 22:00:00+00:00,1,0.7964,0.7000,1.0000
2025-05-04 22:00:00+00:00,1,0.8310,0.7000,1.0000
2025-05-04 22:00:00+00:00,1,0.8583,0.7000,1.0000
2025-05-04 22:00:00+00:00,1,0.7964,0.7000,1.0000
2025-05-05 22:00:00+00:00,1,0.7945,0.7000,1.0000
2025-05-05 22:00:00+00:00,1,0.7136,0.7000,1.0000
2025-05-06 22:00:00+00:00,0,0.8513,0.7000,-1.0000
2025-05-06 22:00:00+00:00,0,0.7142,0.7000,-1.0000
2025-05-07 22:00:00+00:00,1,0.8197,0.7000,1.0000
2025-05-07 22:00:00+00:00,1,0.7608,0.7000,1.0000
2025-05-07 22:00:00+00:00,1,0.7319,0.7000,1.0000
2025-05-12 22:00:00+00:00,1,0.7358,0.7000,1.0000
2025-05-14 22:00:00+00:00,1,0.8367,0.7000,1.0000
2025-05-14 22:00:00+00:00,1,0.7470,0.7000,1.0000
2025-05-14 22:00:00+00:00,1,0.8359,0.7000,1.0000
2025-05-18 22:00:00+00:00,1,0.8986,0.7000,1.0000
2025-05-18 22:00:00+00:00,1,0.9314,0.7000,1.0000
2025-05-18 22:00:00+00:00,1,0.8503,0.7000,1.0000
2025-05-18 22:00:00+00:00,1,0.8986,0.7000,1.0000
2025-05-18 22:00:00+00:00,1,0.9314,0.7000,1.0000
2025-05-18 22:00:00+00:00,1,0.8503,0.7000,1.0000
2025-05-19 22:00:00+00:00,1,0.7968,0.7000,1.0000
2025-05-19 22:00:00+00:00,1,0.7106,0.7000,1.0000
2025-05-19 22:00:00+00:00,1,0.7225,0.7000,1.0000
2025-05-21 22:00:00+00:00,0,0.7300,0.7000,-1.0000
2025-05-26 22:00:00+00:00,1,0.7490,0.7000,1.0000
2025-05-26 22:00:00+00:00,0,0.7663,0.7000,-1.0000
2025-05-28 22:00:00+00:00,1,0.7535,0.7000,1.0000
2025-05-28 22:00:00+00:00,1,0.7261,0.7000,1.0000
2025-05-29 22:00:00+00:00,1,0.7355,0.7000,1.0000
2025-06-01 22:00:00+00:00,1,0.8717,0.7000,1.0000
2025-06-01 22:00:00+00:00,1,0.9099,0.7000,1.0000
2025-06-01 22:00:00+00:00,1,0.8716,0.7000,1.0000
2025-06-01 22:00:00+00:00,1,0.8717,0.7000,1.0000
2025-06-01 22:00:00+00:00,1,0.9099,0.7000,1.0000
2025-06-01 22:00:00+00:00,1,0.8716,0.7000,1.0000
2025-06-05 22:00:00+00:00,1,0.8423,0.7000,1.0000
2025-06-05 22:00:00+00:00,1,0.8508,0.7000,1.0000
2025-06-05 22:00:00+00:00,1,0.8497,0.7000,1.0000
2025-06-10 22:00:00+00:00,0,0.7081,0.7000,-1.0000
2025-06-11 22:00:00+00:00,1,0.7095,0.7000,1.0000
2025-06-11 22:00:00+00:00,1,0.8236,0.7000,1.0000
2025-06-11 22:00:00+00:00,1,0.7569,0.7000,1.0000
2025-06-15 22:00:00+00:00,1,0.8601,0.7000,1.0000
2025-06-15 22:00:00+00:00,1,0.8795,0.7000,1.0000
2025-06-15 22:00:00+00:00,1,0.8421,0.7000,1.0000
2025-06-15 22:00:00+00:00,1,0.8795,0.7000,1.0000
2025-06-15 22:00:00+00:00,1,0.8421,0.7000,1.0000
2025-06-15 22:00:00+00:00,1,0.8601,0.7000,1.0000
2025-06-17 22:00:00+00:00,1,0.7562,0.7000,1.0000
2025-06-17 22:00:00+00:00,1,0.8436,0.7000,1.0000
2025-06-17 22:00:00+00:00,1,0.7972,0.7000,1.0000
2025-06-22 22:00:00+00:00,1,0.9009,0.7000,1.0000
2025-06-22 22:00:00+00:00,1,0.8456,0.7000,1.0000
2025-06-22 22:00:00+00:00,1,0.8369,0.7000,1.0000
2025-06-22 22:00:00+00:00,1,0.8369,0.7000,1.0000
2025-06-22 22:00:00+00:00,1,0.9009,0.7000,1.0000
2025-06-22 22:00:00+00:00,1,0.8456,0.7000,1.0000
2025-06-25 22:00:00+00:00,1,0.7033,0.7000,1.0000
2025-06-25 22:00:00+00:00,1,0.7273,0.7000,1.0000
2025-06-29 22:00:00+00:00,0,0.8485,0.7000,-1.0000
2025-06-29 22:00:00+00:00,0,0.8485,0.7000,-1.0000
2025-07-01 22:00:00+00:00,1,0.7646,0.7000,1.0000
2025-07-02 22:00:00+00:00,0,0.7269,0.7000,-1.0000
2025-07-02 22:00:00+00:00,0,0.7238,0.7000,-1.0000
2025-07-03 22:00:00+00:00,1,0.7199,0.7000,1.0000
2025-07-07 22:00:00+00:00,0,0.7361,0.7000,-1.0000
2025-07-09 22:00:00+00:00,0,0.7309,0.7000,-1.0000
2025-07-13 22:00:00+00:00,1,0.9117,0.7000,1.0000
2025-07-13 22:00:00+00:00,1,0.8898,0.7000,1.0000
2025-07-13 22:00:00+00:00,1,0.8631,0.7000,1.0000
2025-07-13 22:00:00+00:00,1,0.9117,0.7000,1.0000
2025-07-13 22:00:00+00:00,1,0.8898,0.7000,1.0000
2025-07-13 22:00:00+00:00,1,0.8631,0.7000,1.0000
2025-07-14 22:00:00+00:00,1,0.7181,0.7000,1.0000
2025-07-17 22:00:00+00:00,1,0.7599,0.7000,1.0000
2025-07-23 22:00:00+00:00,1,0.7580,0.7000,1.0000
2025-07-23 22:00:00+00:00,1,0.7425,0.7000,1.0000
2025-07-24 22:00:00+00:00,1,0.7299,0.7000,1.0000
2025-07-28 22:00:00+00:00,0,0.7420,0.7000,-1.0000
2025-07-31 22:00:00+00:00,1,0.7452,0.7000,1.0000
2025-07-31 22:00:00+00:00,0,0.8099,0.7000,-1.0000
2025-08-03 22:00:00+00:00,0,0.7847,0.7000,-1.0000
2025-08-03 22:00:00+00:00,0,0.7694,0.7000,-1.0000
2025-08-03 22:00:00+00:00,0,0.7833,0.7000,-1.0000
2025-08-03 22:00:00+00:00,0,0.7847,0.7000,-1.0000
2025-08-03 22:00:00+00:00,0,0.7694,0.7000,-1.0000
2025-08-03 22:00:00+00:00,0,0.7833,0.7000,-1.0000
2025-08-05 22:00:00+00:00,0,0.7310,0.7000,-1.0000
2025-08-06 22:00:00+00:00,1,0.7357,0.7000,1.0000
2025-08-07 22:00:00+00:00,0,0.7232,0.7000,-1.0000
2025-08-10 22:00:00+00:00,1,0.7932,0.7000,1.0000
2025-08-10 22:00:00+00:00,1,0.8755,0.7000,1.0000
2025-08-10 22:00:00+00:00,1,0.7932,0.7000,1.0000
2025-08-10 22:00:00+00:00,1,0.8755,0.7000,1.0000
2025-08-12 22:00:00+00:00,1,0.7383,0.7000,1.0000
2025-08-14 22:00:00+00:00,0,0.7050,0.7000,-1.0000
2025-08-14 22:00:00+00:00,1,0.7383,0.7000,1.0000
2025-08-19 22:00:00+00:00,0,0.7374,0.7000,-1.0000
2025-08-26 22:00:00+00:00,1,0.7956,0.7000,1.0000
2025-09-01 22:00:00+00:00,1,0.7469,0.7000,1.0000
2025-09-03 22:00:00+00:00,1,0.7612,0.7000,1.0000
2025-09-07 22:00:00+00:00,1,0.8213,0.7000,1.0000
2025-09-07 22:00:00+00:00,1,0.8213,0.7000,1.0000
2025-09-10 22:00:00+00:00,0,0.7929,0.7000,-1.0000
2025-09-15 22:00:00+00:00,1,0.7244,0.7000,1.0000
2025-09-16 22:00:00+00:00,0,0.7183,0.7000,-1.0000
2025-09-17 22:00:00+00:00,0,0.7179,0.7000,-1.0000
2025-09-17 22:00:00+00:00,1,0.7004,0.7000,1.0000
2025-09-18 22:00:00+00:00,0,0.7383,0.7000,-1.0000
2025-10-02 22:00:00+00:00,1,0.7114,0.7000,1.0000
2025-10-09 22:00:00+00:00,0,0.7894,0.7000,-1.0000
2025-10-22 22:00:00+00:00,1,0.8003,0.7000,1.0000
2025-10-22 22:00:00+00:00,1,0.7693,0.7000,1.0000
2025-10-27 22:00:00+00:00,1,0.7341,0.7000,1.0000
2025-10-29 22:00:00+00:00,1,0.8514,0.7000,1.0000
2025-10-29 22:00:00+00:00,1,0.8294,0.7000,1.0000
2025-10-29 22:00:00+00:00,1,0.8386,0.7000,1.0000
2025-11-04 23:00:00+00:00,1,0.7029,0.7000,1.0000
2025-11-04 23:00:00+00:00,0,0.7314,0.7000,-1.0000
2025-11-04 23:00:00+00:00,1,0.7491,0.7000,1.0000
2025-11-05 23:00:00+00:00,1,0.7367,0.7000,1.0000
2025-11-16 23:00:00+00:00,1,0.8059,0.7000,1.0000
2025-11-16 23:00:00+00:00,1,0.8059,0.7000,1.0000
2025-11-24 23:00:00+00:00,1,0.7541,0.7000,1.0000
2025-11-30 23:00:00+00:00,0,0.7450,0.7000,-1.0000
2025-11-30 23:00:00+00:00,0,0.7450,0.7000,-1.0000
2025-12-03 23:00:00+00:00,1,0.8562,0.7000,1.0000
2025-12-10 23:00:00+00:00,1,0.8379,0.7000,1.0000
2025-12-10 23:00:00+00:00,1,0.8544,0.7000,1.0000
2025-12-11 23:00:00+00:00,1,0.8661,0.7000,1.0000
2025-12-11 23:00:00+00:00,1,0.8799,0.7000,1.0000
2025-12-14 23:00:00+00:00,0,0.7731,0.7000,-1.0000
2025-12-14 23:00:00+00:00,0,0.7731,0.7000,-1.0000
2025-01-26 23:00:00+00:00,1,0.8913,0.8000,1.0000
2025-01-26 23:00:00+00:00,1,0.9435,0.8000,1.0000
2025-01-26 23:00:00+00:00,1,0.8993,0.8000,1.0000
2025-01-26 23:00:00+00:00,1,0.8913,0.8000,1.0000
2025-01-26 23:00:00+00:00,1,0.9435,0.8000,1.0000
2025-01-26 23:00:00+00:00,1,0.8993,0.8000,1.0000
2025-01-29 23:00:00+00:00,1,0.8617,0.8000,1.0000
2025-01-29 23:00:00+00:00,1,0.8531,0.8000,1.0000
2025-02-02 23:00:00+00:00,1,0.8675,0.8000,1.0000
2025-02-02 23:00:00+00:00,1,0.9170,0.8000,1.0000
2025-02-02 23:00:00+00:00,1,0.8776,0.8000,1.0000
2025-02-02 23:00:00+00:00,1,0.8675,0.8000,1.0000
2025-02-02 23:00:00+00:00,1,0.9170,0.8000,1.0000
2025-02-02 23:00:00+00:00,1,0.8776,0.8000,1.0000
2025-02-09 23:00:00+00:00,1,0.8581,0.8000,1.0000
2025-02-09 23:00:00+00:00,1,0.9271,0.8000,1.0000
2025-02-09 23:00:00+00:00,1,0.8777,0.8000,1.0000
2025-02-09 23:00:00+00:00,1,0.8581,0.8000,1.0000
2025-02-09 23:00:00+00:00,1,0.9271,0.8000,1.0000
2025-02-09 23:00:00+00:00,1,0.8777,0.8000,1.0000
2025-02-10 23:00:00+00:00,1,0.8066,0.8000,1.0000
2025-02-26 23:00:00+00:00,1,0.8532,0.8000,1.0000
2025-03-09 22:00:00+00:00,1,0.8761,0.8000,1.0000
2025-03-09 22:00:00+00:00,1,0.9249,0.8000,1.0000
2025-03-09 22:00:00+00:00,1,0.8716,0.8000,1.0000
2025-03-09 22:00:00+00:00,1,0.8761,0.8000,1.0000
2025-03-09 22:00:00+00:00,1,0.9249,0.8000,1.0000
2025-03-09 22:00:00+00:00,1,0.8716,0.8000,1.0000
2025-03-26 22:00:00+00:00,1,0.8646,0.8000,1.0000
2025-03-26 22:00:00+00:00,1,0.8879,0.8000,1.0000
2025-03-26 22:00:00+00:00,1,0.8406,0.8000,1.0000
2025-03-30 22:00:00+00:00,1,0.8574,0.8000,1.0000
2025-03-30 22:00:00+00:00,1,0.8925,0.8000,1.0000
2025-03-30 22:00:00+00:00,1,0.8775,0.8000,1.0000
2025-03-30 22:00:00+00:00,1,0.8574,0.8000,1.0000
2025-03-30 22:00:00+00:00,1,0.8925,0.8000,1.0000
2025-03-30 22:00:00+00:00,1,0.8775,0.8000,1.0000
2025-04-02 22:00:00+00:00,1,0.8740,0.8000,1.0000
2025-04-02 22:00:00+00:00,1,0.8306,0.8000,1.0000
2025-04-02 22:02:00+00:00,1,0.8603,0.8000,1.0000
2025-04-06 22:00:00+00:00,1,0.8980,0.8000,1.0000
2025-04-06 22:00:00+00:00,1,0.9215,0.8000,1.0000
2025-04-06 22:00:00+00:00,1,0.8920,0.8000,1.0000
2025-04-06 22:00:00+00:00,1,0.8980,0.8000,1.0000
2025-04-06 22:00:00+00:00,1,0.9215,0.8000,1.0000
2025-04-06 22:00:00+00:00,1,0.8920,0.8000,1.0000
2025-04-09 22:00:00+00:00,1,0.8664,0.8000,1.0000
2025-04-09 22:00:00+00:00,1,0.8523,0.8000,1.0000
2025-04-10 22:00:00+00:00,0,0.8495,0.8000,-1.0000
2025-04-10 22:00:00+00:00,0,0.8563,0.8000,-1.0000
2025-04-15 22:00:00+00:00,1,0.8520,0.8000,1.0000
2025-04-15 22:00:00+00:00,1,0.8656,0.8000,1.0000
2025-04-15 22:00:00+00:00,1,0.8429,0.8000,1.0000
2025-04-23 22:00:00+00:00,1,0.8036,0.8000,1.0000
2025-04-27 22:00:00+00:00,1,0.8151,0.8000,1.0000
2025-04-27 22:00:00+00:00,1,0.8384,0.8000,1.0000
2025-04-27 22:00:00+00:00,1,0.8736,0.8000,1.0000
2025-04-27 22:00:00+00:00,1,0.8151,0.8000,1.0000
2025-04-27 22:00:00+00:00,1,0.8384,0.8000,1.0000
2025-04-27 22:00:00+00:00,1,0.8736,0.8000,1.0000
2025-04-29 22:00:00+00:00,1,0.8211,0.8000,1.0000
2025-05-04 22:00:00+00:00,1,0.8310,0.8000,1.0000
2025-05-04 22:00:00+00:00,1,0.8583,0.8000,1.0000
2025-05-04 22:00:00+00:00,1,0.8310,0.8000,1.0000
2025-05-04 22:00:00+00:00,1,0.8583,0.8000,1.0000
2025-05-06 22:00:00+00:00,0,0.8513,0.8000,-1.0000
2025-05-07 22:00:00+00:00,1,0.8197,0.8000,1.0000
2025-05-14 22:00:00+00:00,1,0.8367,0.8000,1.0000
2025-05-14 22:00:00+00:00,1,0.8359,0.8000,1.0000
2025-05-18 22:00:00+00:00,1,0.8986,0.8000,1.0000
2025-05-18 22:00:00+00:00,1,0.9314,0.8000,1.0000
2025-05-18 22:00:00+00:00,1,0.8503,0.8000,1.0000
2025-05-18 22:00:00+00:00,1,0.8986,0.8000,1.0000
2025-05-18 22:00:00+00:00,1,0.9314,0.8000,1.0000
2025-05-18 22:00:00+00:00,1,0.8503,0.8000,1.0000
2025-06-01 22:00:00+00:00,1,0.8717,0.8000,1.0000
2025-06-01 22:00:00+00:00,1,0.9099,0.8000,1.0000
2025-06-01 22:00:00+00:00,1,0.8716,0.8000,1.0000
2025-06-01 22:00:00+00:00,1,0.8717,0.8000,1.0000
2025-06-01 22:00:00+00:00,1,0.9099,0.8000,1.0000
2025-06-01 22:00:00+00:00,1,0.8716,0.8000,1.0000
2025-06-05 22:00:00+00:00,1,0.8423,0.8000,1.0000
2025-06-05 22:00:00+00:00,1,0.8508,0.8000,1.0000
2025-06-05 22:00:00+00:00,1,0.8497,0.8000,1.0000
2025-06-11 22:00:00+00:00,1,0.8236,0.8000,1.0000
2025-06-15 22:00:00+00:00,1,0.8601,0.8000,1.0000
2025-06-15 22:00:00+00:00,1,0.8795,0.8000,1.0000
2025-06-15 22:00:00+00:00,1,0.8421,0.8000,1.0000
2025-06-15 22:00:00+00:00,1,0.8795,0.8000,1.0000
2025-06-15 22:00:00+00:00,1,0.8421,0.8000,1.0000
2025-06-15 22:00:00+00:00,1,0.8601,0.8000,1.0000
2025-06-17 22:00:00+00:00,1,0.8436,0.8000,1.0000
2025-06-22 22:00:00+00:00,1,0.9009,0.8000,1.0000
2025-06-22 22:00:00+00:00,1,0.8456,0.8000,1.0000
2025-06-22 22:00:00+00:00,1,0.8369,0.8000,1.0000
2025-06-22 22:00:00+00:00,1,0.8369,0.8000,1.0000
2025-06-22 22:00:00+00:00,1,0.9009,0.8000,1.0000
2025-06-22 22:00:00+00:00,1,0.8456,0.8000,1.0000
2025-06-29 22:00:00+00:00,0,0.8485,0.8000,-1.0000
2025-06-29 22:00:00+00:00,0,0.8485,0.8000,-1.0000
2025-07-13 22:00:00+00:00,1,0.9117,0.8000,1.0000
2025-07-13 22:00:00+00:00,1,0.8898,0.8000,1.0000
2025-07-13 22:00:00+00:00,1,0.8631,0.8000,1.0000
2025-07-13 22:00:00+00:00,1,0.9117,0.8000,1.0000
2025-07-13 22:00:00+00:00,1,0.8898,0.8000,1.0000
2025-07-13 22:00:00+00:00,1,0.8631,0.8000,1.0000
2025-07-31 22:00:00+00:00,0,0.8099,0.8000,-1.0000
2025-08-10 22:00:00+00:00,1,0.8755,0.8000,1.0000
2025-08-10 22:00:00+00:00,1,0.8755,0.8000,1.0000
2025-09-07 22:00:00+00:00,1,0.8213,0.8000,1.0000
2025-09-07 22:00:00+00:00,1,0.8213,0.8000,1.0000
2025-10-22 22:00:00+00:00,1,0.8003,0.8000,1.0000
2025-10-29 22:00:00+00:00,1,0.8514,0.8000,1.0000
2025-10-29 22:00:00+00:00,1,0.8294,0.8000,1.0000
2025-10-29 22:00:00+00:00,1,0.8386,0.8000,1.0000
2025-11-16 23:00:00+00:00,1,0.8059,0.8000,1.0000
2025-11-16 23:00:00+00:00,1,0.8059,0.8000,1.0000
2025-12-03 23:00:00+00:00,1,0.8562,0.8000,1.0000
2025-12-10 23:00:00+00:00,1,0.8379,0.8000,1.0000
2025-12-10 23:00:00+00:00,1,0.8544,0.8000,1.0000
2025-12-11 23:00:00+00:00,1,0.8661,0.8000,1.0000
2025-12-11 23:00:00+00:00,1,0.8799,0.8000,1.0000
2025-01-26 23:00:00+00:00,1,0.9435,0.9000,1.0000
2025-01-26 23:00:00+00:00,1,0.9435,0.9000,1.0000
2025-02-02 23:00:00+00:00,1,0.9170,0.9000,1.0000
2025-02-02 23:00:00+00:00,1,0.9170,0.9000,1.0000
2025-02-09 23:00:00+00:00,1,0.9271,0.9000,1.0000
2025-02-09 23:00:00+00:00,1,0.9271,0.9000,1.0000
2025-03-09 22:00:00+00:00,1,0.9249,0.9000,1.0000
2025-03-09 22:00:00+00:00,1,0.9249,0.9000,1.0000
2025-04-06 22:00:00+00:00,1,0.9215,0.9000,1.0000
2025-04-06 22:00:00+00:00,1,0.9215,0.9000,1.0000
2025-05-18 22:00:00+00:00,1,0.9314,0.9000,1.0000
2025-05-18 22:00:00+00:00,1,0.9314,0.9000,1.0000
2025-06-01 22:00:00+00:00,1,0.9099,0.9000,1.0000
2025-06-01 22:00:00+00:00,1,0.9099,0.9000,1.0000
2025-06-22 22:00:00+00:00,1,0.9009,0.9000,1.0000
2025-06-22 22:00:00+00:00,1,0.9009,0.9000,1.0000
2025-07-13 22:00:00+00:00,1,0.9117,0.9000,1.0000
2025-07-13 22:00:00+00:00,1,0.9117,0.9000,1.0000
