entry_time,entry_price,exit_time,exit_price,stop,tp,risk,direction,exit_reason,pnl_r,fvg_high,fvg_low,quarter,month,hour
2024-01-02 11:51,16779.75,2024-01-02 13:51,16716.0,16865.0,16524.0,85.25,BEARISH,timeout,0.7478005865102639,16860.0,16782.0,2024Q1,2024-01,11
2024-01-02 12:21,16767.25,2024-01-02 12:30,16757.0,16757.0,16798.0,10.25,BULLISH,SL,-1.0,16767.25,16762.0,2024Q1,2024-01,12
2024-01-03 11:19,16590.75,2024-01-03 11:20,16598.5,16598.5,16567.5,7.75,BEARISH,SL,-1.0,16593.5,16590.25,2024Q1,2024-01,11
2024-01-04 10:19,16521.5,2024-01-04 10:20,16510.25,16525.25,16510.25,3.75,BEARISH,3R,3.0,16520.25,16519.0,2024Q1,2024-01,10
2024-01-04 09:38,16481.25,2024-01-04 09:48,16452.75,16490.75,16452.75,9.5,BEARISH,3R,3.0,16485.75,16474.75,2024Q1,2024-01,9
2024-01-05 11:52,16513.0,2024-01-05 12:07,16490.5,16490.5,16580.5,22.5,BULLISH,SL,-1.0,16511.25,16495.5,2024Q1,2024-01,11
2024-01-09 13:35,16805.5,2024-01-09 15:35,16821.0,16783.5,16871.5,22.0,BULLISH,timeout,0.7045454545454546,16816.5,16788.5,2024Q1,2024-01,13
2024-01-10 09:55,16823.0,2024-01-10 10:10,16839.5,16839.5,16773.5,16.5,BEARISH,SL,-1.0,16834.5,16830.25,2024Q1,2024-01,9
2024-01-11 09:40,17013.5,2024-01-11 09:41,17016.75,17016.75,17003.75,3.25,BEARISH,SL,-1.0,17011.75,16974.0,2024Q1,2024-01,9
2024-01-15 12:04,16963.25,2024-01-15 18:05,16952.25,16952.25,16996.25,11.0,BULLISH,SL,-1.0,16962.25,16957.25,2024Q1,2024-01,12
2024-01-16 11:01,16968.5,2024-01-16 11:12,16940.5,16940.5,17052.5,28.0,BULLISH,SL,-1.0,16972.75,16945.5,2024Q1,2024-01,11
2024-01-17 10:17,16733.25,2024-01-17 11:22,16815.75,16815.75,16485.75,82.5,BEARISH,SL,-1.0,16810.75,16746.5,2024Q1,2024-01,10
2024-01-22 11:53,17490.75,2024-01-22 11:55,17499.25,17499.25,17465.25,8.5,BEARISH,SL,-1.0,17494.25,17490.5,2024Q1,2024-01,11
2024-01-23 09:39,17459.25,2024-01-23 09:40,17455.0,17455.0,17472.0,4.25,BULLISH,SL,-1.0,17466.25,17460.0,2024Q1,2024-01,9
2024-01-23 13:36,17472.5,2024-01-23 15:36,17501.25,17452.0,17534.0,20.5,BULLISH,timeout,1.4024390243902438,17474.25,17457.0,2024Q1,2024-01,13
2024-01-24 11:16,17694.25,2024-01-24 12:08,17755.75,17673.75,17755.75,20.5,BULLISH,3R,3.0,17688.5,17678.75,2024Q1,2024-01,11
2024-01-24 13:20,17732.0,2024-01-24 13:39,17719.5,17719.5,17769.5,12.5,BULLISH,SL,-1.0,17736.5,17724.5,2024Q1,2024-01,13
2024-01-25 09:33,17698.75,2024-01-25 10:03,17654.0,17654.0,17833.0,44.75,BULLISH,SL,-1.0,17690.75,17659.0,2024Q1,2024-01,9
2024-01-25 13:10,17664.0,2024-01-25 13:13,17673.0,17673.0,17637.0,9.0,BEARISH,SL,-1.0,17668.0,17666.0,2024Q1,2024-01,13
2024-01-26 09:35,17565.25,2024-01-26 09:36,17550.0,17550.0,17611.0,15.25,BULLISH,SL,-1.0,17571.5,17555.0,2024Q1,2024-01,9
2024-01-26 11:44,17582.75,2024-01-26 11:49,17600.0,17577.0,17600.0,5.75,BULLISH,3R,3.0,17594.0,17582.0,2024Q1,2024-01,11
2024-01-29 12:50,17590.25,2024-01-29 13:01,17583.75,17583.75,17609.75,6.5,BULLISH,SL,-1.0,17592.5,17588.75,2024Q1,2024-01,12
2024-01-29 09:53,17559.75,2024-01-29 09:54,17564.0,17564.0,17547.0,4.25,BEARISH,SL,-1.0,17559.0,17554.0,2024Q1,2024-01,9
2024-01-30 13:31,17599.0,2024-01-30 15:31,17594.25,17633.5,17495.5,34.5,BEARISH,timeout,0.13768115942028986,17628.5,17592.25,2024Q1,2024-01,13
2024-01-30 13:48,17579.25,2024-01-30 13:49,17575.0,17575.0,17592.0,4.25,BULLISH,SL,-1.0,17581.0,17580.0,2024Q1,2024-01,13
2024-01-31 11:08,17316.5,2024-01-31 11:09,17323.0,17323.0,17297.0,6.5,BEARISH,SL,-1.0,17318.0,17304.25,2024Q1,2024-01,11
2024-02-01 11:25,17292.25,2024-02-01 12:02,17339.75,17339.75,17149.75,47.5,BEARISH,SL,-1.0,17334.75,17294.0,2024Q1,2024-02,11
2024-02-02 11:06,17629.0,2024-02-02 11:29,17666.5,17616.5,17666.5,12.5,BULLISH,3R,3.0,17635.75,17621.5,2024Q1,2024-02,11
2024-02-05 12:39,17713.25,2024-02-05 12:40,17709.5,17709.5,17724.5,3.75,BULLISH,SL,-1.0,17717.5,17714.5,2024Q1,2024-02,12
2024-02-05 11:21,17629.25,2024-02-05 11:53,17650.5,17650.5,17565.5,21.25,BEARISH,SL,-1.0,17645.5,17633.25,2024Q1,2024-02,11
2024-02-06 09:39,17715.25,2024-02-06 09:43,17728.25,17728.25,17676.25,13.0,BEARISH,SL,-1.0,17723.25,17696.0,2024Q1,2024-02,9
2024-02-07 09:36,17754.25,2024-02-07 09:39,17738.75,17738.75,17800.75,15.5,BULLISH,SL,-1.0,17755.25,17743.75,2024Q1,2024-02,9
2024-02-08 13:04,17878.5,2024-02-08 13:06,17881.75,17881.75,17868.75,3.25,BEARISH,SL,-1.0,17876.75,17870.0,2024Q1,2024-02,13
2024-02-09 13:18,18022.0,2024-02-09 15:18,18052.25,18004.75,18073.75,17.25,BULLISH,timeout,1.7536231884057971,18020.75,18009.75,2024Q1,2024-02,13
2024-02-09 11:29,17981.75,2024-02-09 13:11,18032.75,17964.75,18032.75,17.0,BULLISH,3R,3.0,17977.75,17969.75,2024Q1,2024-02,11
2024-02-12 09:37,18042.75,2024-02-12 09:38,18044.75,18044.75,18036.75,2.0,BEARISH,SL,-1.0,18039.75,18033.75,2024Q1,2024-02,9
2024-02-13 11:02,17743.75,2024-02-13 12:54,17675.5,17675.5,17948.5,68.25,BULLISH,SL,-1.0,17736.25,17680.5,2024Q1,2024-02,11
2024-02-14 11:28,17751.75,2024-02-14 13:28,17756.5,17794.25,17624.25,42.5,BEARISH,timeout,-0.11176470588235295,17789.25,17744.25,2024Q1,2024-02,11
2024-02-14 11:30,17752.25,2024-02-14 13:30,17760.75,17794.25,17626.25,42.0,BEARISH,timeout,-0.20238095238095238,17789.25,17744.25,2024Q1,2024-02,11
2024-02-15 12:31,17871.25,2024-02-15 12:45,17881.75,17881.75,17839.75,10.5,BEARISH,SL,-1.0,17876.75,17870.75,2024Q1,2024-02,12
2024-02-15 12:48,17877.0,2024-02-15 12:49,17862.75,17881.75,17862.75,4.75,BEARISH,3R,3.0,17876.75,17870.75,2024Q1,2024-02,12
2024-02-16 13:38,17843.25,2024-02-16 13:42,17850.25,17850.25,17822.25,7.0,BEARISH,SL,-1.0,17845.25,17841.0,2024Q1,2024-02,13
2024-02-16 10:21,17774.75,2024-02-16 11:57,17882.5,17882.5,17451.5,107.75,BEARISH,SL,-1.0,17877.5,17779.25,2024Q1,2024-02,10
2024-02-19 10:22,17781.5,2024-02-19 10:46,17773.5,17773.5,17805.5,8.0,BULLISH,SL,-1.0,17780.25,17778.5,2024Q1,2024-02,10
2024-02-20 11:23,17562.5,2024-02-20 11:36,17526.5,17526.5,17670.5,36.0,BULLISH,SL,-1.0,17557.5,17531.5,2024Q1,2024-02,11
2024-02-20 11:45,17548.0,2024-02-20 12:00,17489.5,17567.5,17489.5,19.5,BEARISH,3R,3.0,17562.5,17545.75,2024Q1,2024-02,11
2024-02-21 11:39,17488.5,2024-02-21 11:40,17481.0,17481.0,17511.0,7.5,BULLISH,SL,-1.0,17486.75,17486.0,2024Q1,2024-02,11
2024-02-22 11:57,17952.25,2024-02-22 12:59,18019.0,17930.0,18019.0,22.25,BULLISH,3R,3.0,17947.5,17935.0,2024Q1,2024-02,11
2024-02-22 12:04,17952.75,2024-02-22 13:05,18021.0,17930.0,18021.0,22.75,BULLISH,3R,3.0,17947.5,17935.0,2024Q1,2024-02,12
2024-02-23 12:19,18029.25,2024-02-23 12:27,18014.25,18014.25,18074.25,15.0,BULLISH,SL,-1.0,18031.5,18019.25,2024Q1,2024-02,12
2024-02-26 09:52,17983.25,2024-02-26 09:53,17999.0,17999.0,17936.0,15.75,BEARISH,SL,-1.0,17994.0,17992.75,2024Q1,2024-02,9
2024-02-26 12:05,18030.0,2024-02-26 12:24,18051.75,18022.75,18051.75,7.25,BULLISH,3R,3.0,18037.25,18027.75,2024Q1,2024-02,12
2024-02-27 09:31,18020.25,2024-02-27 09:32,18004.5,18004.5,18067.5,15.75,BULLISH,SL,-1.0,18021.5,18009.5,2024Q1,2024-02,9
2024-02-27 13:24,17957.5,2024-02-27 13:58,17969.0,17969.0,17923.0,11.5,BEARISH,SL,-1.0,17964.0,17961.0,2024Q1,2024-02,13
2024-02-28 13:25,17933.75,2024-02-28 13:30,17949.0,17949.0,17888.0,15.25,BEARISH,SL,-1.0,17944.0,17931.75,2024Q1,2024-02,13
2024-02-29 13:44,18026.75,2024-02-29 14:16,18049.25,18019.25,18049.25,7.5,BULLISH,3R,3.0,18026.25,18024.25,2024Q1,2024-02,13
2024-03-01 10:34,18154.25,2024-03-01 11:06,18219.5,18132.5,18219.5,21.75,BULLISH,3R,3.0,18159.5,18137.5,2024Q1,2024-03,10
2024-03-04 11:09,18311.5,2024-03-04 11:24,18303.0,18303.0,18337.0,8.5,BULLISH,SL,-1.0,18309.25,18308.0,2024Q1,2024-03,11
2024-03-05 11:25,17960.5,2024-03-05 13:25,17914.75,17995.75,17854.75,35.25,BEARISH,timeout,1.297872340425532,17990.75,17962.0,2024Q1,2024-03,11
2024-03-06 11:08,18082.25,2024-03-06 11:09,18093.5,18078.5,18093.5,3.75,BULLISH,3R,3.0,18085.0,18083.5,2024Q1,2024-03,11
2024-03-06 11:35,18074.5,2024-03-06 12:31,18166.75,18043.75,18166.75,30.75,BULLISH,3R,3.0,18076.5,18048.75,2024Q1,2024-03,11
2024-03-08 09:43,18319.0,2024-03-08 09:44,18320.25,18320.25,18315.25,1.25,BEARISH,SL,-1.0,18315.25,18306.0,2024Q1,2024-03,9
2024-03-08 10:41,18380.0,2024-03-08 10:46,18348.0,18348.0,18476.0,32.0,BULLISH,SL,-1.0,18380.0,18353.0,2024Q1,2024-03,10
2024-03-11 09:37,17960.0,2024-03-11 09:38,17984.0,17952.0,17984.0,8.0,BULLISH,3R,3.0,17960.5,17957.0,2024Q1,2024-03,9
2024-03-11 11:14,17953.5,2024-03-11 11:24,17938.75,17938.75,17997.75,14.75,BULLISH,SL,-1.0,17949.0,17943.75,2024Q1,2024-03,11
2024-03-12 12:40,18114.5,2024-03-12 12:41,18106.5,18106.5,18138.5,8.0,BULLISH,SL,-1.0,18118.0,18111.5,2024Q1,2024-03,12
2024-03-12 12:31,18133.0,2024-03-12 12:45,18093.25,18146.25,18093.25,13.25,BEARISH,3R,3.0,18141.25,18139.0,2024Q1,2024-03,12
2024-03-13 13:04,18118.0,2024-03-13 15:04,18132.5,18181.0,17929.0,63.0,BEARISH,timeout,-0.23015873015873015,18176.0,18124.5,2024Q1,2024-03,13
2024-03-14 09:40,18135.5,2024-03-14 09:47,18080.75,18153.75,18080.75,18.25,BEARISH,3R,3.0,18148.75,18136.25,2024Q1,2024-03,9
2024-03-14 10:16,18061.75,2024-03-14 10:35,18092.25,18092.25,17970.25,30.5,BEARISH,SL,-1.0,18087.25,18063.0,2024Q1,2024-03,10
2024-03-18 12:56,18257.0,2024-03-18 13:00,18242.75,18242.75,18299.75,14.25,BULLISH,SL,-1.0,18254.0,18247.75,2024Q1,2024-03,12
2024-03-19 09:31,18134.25,2024-03-19 09:32,18139.0,18139.0,18120.0,4.75,BEARISH,SL,-1.0,18134.0,18132.25,2024Q1,2024-03,9
2024-03-19 13:20,18242.25,2024-03-19 15:20,18243.75,18197.25,18377.25,45.0,BULLISH,timeout,0.03333333333333333,18239.0,18202.25,2024Q1,2024-03,13
2024-03-20 10:24,18278.25,2024-03-20 10:27,18298.5,18271.5,18298.5,6.75,BULLISH,3R,3.0,18277.5,18276.5,2024Q1,2024-03,10
2024-03-20 11:34,18278.75,2024-03-20 11:45,18264.75,18264.75,18320.75,14.0,BULLISH,SL,-1.0,18275.0,18269.75,2024Q1,2024-03,11
2024-03-21 13:02,18673.75,2024-03-21 13:31,18655.0,18655.0,18730.0,18.75,BULLISH,SL,-1.0,18676.75,18660.0,2024Q1,2024-03,13
2024-03-21 13:25,18660.25,2024-03-21 13:31,18655.0,18655.0,18676.0,5.25,BULLISH,SL,-1.0,18676.75,18660.0,2024Q1,2024-03,13
2024-03-22 12:04,18554.25,2024-03-22 12:52,18576.0,18576.0,18489.0,21.75,BEARISH,SL,-1.0,18571.0,18563.5,2024Q1,2024-03,12
2024-03-22 12:37,18538.75,2024-03-22 13:12,18601.75,18517.75,18601.75,21.0,BULLISH,3R,3.0,18531.75,18522.75,2024Q1,2024-03,12
2024-03-25 09:58,18484.0,2024-03-25 10:09,18500.25,18500.25,18435.25,16.25,BEARISH,SL,-1.0,18495.25,18477.0,2024Q1,2024-03,9
2024-03-25 10:30,18512.75,2024-03-25 12:30,18518.0,18495.75,18563.75,17.0,BULLISH,timeout,0.3088235294117647,18510.0,18500.75,2024Q1,2024-03,10
2024-03-26 11:02,18559.0,2024-03-26 11:22,18576.75,18576.75,18505.75,17.75,BEARISH,SL,-1.0,18571.75,18563.25,2024Q1,2024-03,11
2024-03-27 10:40,18437.25,2024-03-27 11:30,18396.0,18451.0,18396.0,13.75,BEARISH,3R,3.0,18446.0,18436.25,2024Q1,2024-03,10
2024-03-27 13:14,18420.25,2024-03-27 13:19,18433.0,18416.0,18433.0,4.25,BULLISH,3R,3.0,18432.25,18421.0,2024Q1,2024-03,13
2024-03-28 13:41,18469.5,2024-03-28 13:46,18477.75,18477.75,18444.75,8.25,BEARISH,SL,-1.0,18472.75,18470.0,2024Q1,2024-03,13
2024-04-01 13:47,18459.0,2024-04-01 14:22,18471.5,18471.5,18421.5,12.5,BEARISH,SL,-1.0,18466.5,18461.25,2024Q2,2024-04,13
2024-04-04 13:05,18545.5,2024-04-04 13:41,18529.75,18529.75,18592.75,15.75,BULLISH,SL,-1.0,18546.5,18534.75,2024Q2,2024-04,13
2024-04-08 10:11,18304.75,2024-04-08 10:12,18303.5,18303.5,18308.5,1.25,BULLISH,SL,-1.0,18309.0,18308.5,2024Q2,2024-04,10
2024-04-08 10:11,18304.75,2024-04-08 10:25,18330.0,18330.0,18229.0,25.25,BEARISH,SL,-1.0,18325.0,18307.75,2024Q2,2024-04,10
2024-04-09 12:18,18287.25,2024-04-09 12:19,18283.0,18283.0,18300.0,4.25,BULLISH,SL,-1.0,18313.5,18288.0,2024Q2,2024-04,12
2024-04-09 12:15,18286.5,2024-04-09 14:15,18269.5,18349.25,18098.25,62.75,BEARISH,timeout,0.27091633466135456,18344.25,18284.0,2024Q2,2024-04,12
2024-04-10 11:32,18159.0,2024-04-10 12:53,18176.5,18176.5,18106.5,17.5,BEARISH,SL,-1.0,18171.5,18168.25,2024Q2,2024-04,11
2024-04-18 10:19,17643.0,2024-04-18 10:34,17674.0,17674.0,17550.0,31.0,BEARISH,SL,-1.0,17669.0,17647.75,2024Q2,2024-04,10
2024-04-19 12:48,17237.0,2024-04-19 13:03,17293.5,17293.5,17067.5,56.5,BEARISH,SL,-1.0,17288.5,17241.75,2024Q2,2024-04,12
2024-04-22 09:41,17288.5,2024-04-22 10:14,17261.25,17261.25,17370.25,27.25,BULLISH,SL,-1.0,17293.75,17266.25,2024Q2,2024-04,9
2024-04-22 11:42,17225.5,2024-04-22 12:00,17265.25,17265.25,17106.25,39.75,BEARISH,SL,-1.0,17260.25,17237.0,2024Q2,2024-04,11
2024-04-24 10:16,17723.5,2024-04-24 10:41,17702.0,17702.0,17788.0,21.5,BULLISH,SL,-1.0,17712.25,17707.0,2024Q2,2024-04,10
2024-04-24 10:38,17719.75,2024-04-24 10:41,17701.25,17701.25,17775.25,18.5,BULLISH,SL,-1.0,17713.25,17706.25,2024Q2,2024-04,10
2024-04-25 13:15,17487.5,2024-04-25 13:16,17492.0,17492.0,17474.0,4.5,BEARISH,SL,-1.0,17487.0,17479.0,2024Q2,2024-04,13
2024-04-25 10:38,17391.75,2024-04-25 10:41,17376.5,17376.5,17437.5,15.25,BULLISH,SL,-1.0,17405.75,17381.5,2024Q2,2024-04,10
2024-04-29 10:16,17899.25,2024-04-29 10:17,17894.75,17894.75,17912.75,4.5,BULLISH,SL,-1.0,17900.25,17899.75,2024Q2,2024-04,10
2024-04-29 13:54,17915.5,2024-04-29 14:05,17893.25,17893.25,17982.25,22.25,BULLISH,SL,-1.0,17912.5,17898.25,2024Q2,2024-04,13
2024-04-30 13:47,17713.0,2024-04-30 15:47,17690.0,17760.5,17570.5,47.5,BEARISH,timeout,0.4842105263157895,17755.5,17712.5,2024Q2,2024-04,13
2024-05-01 11:37,17459.0,2024-05-01 13:37,17473.0,17489.5,17367.5,30.5,BEARISH,timeout,-0.45901639344262296,17484.5,17453.75,2024Q2,2024-05,11
2024-05-02 10:28,17499.25,2024-05-02 10:32,17521.0,17521.0,17434.0,21.75,BEARISH,SL,-1.0,17516.0,17501.25,2024Q2,2024-05,10
2024-05-02 10:38,17497.75,2024-05-02 10:58,17521.0,17521.0,17428.0,23.25,BEARISH,SL,-1.0,17516.0,17501.25,2024Q2,2024-05,10
2024-05-03 10:21,17912.75,2024-05-03 12:21,17982.75,17800.75,18248.75,112.0,BULLISH,timeout,0.625,17908.5,17805.75,2024Q2,2024-05,10
2024-05-06 10:19,18088.25,2024-05-06 12:19,18085.75,18073.25,18133.25,15.0,BULLISH,timeout,-0.16666666666666666,18084.0,18078.25,2024Q2,2024-05,10
2024-05-06 12:41,18105.75,2024-05-06 12:47,18113.75,18113.75,18081.75,8.0,BEARISH,SL,-1.0,18108.75,18094.75,2024Q2,2024-05,12
2024-05-07 10:02,18189.5,2024-05-07 10:50,18227.0,18177.0,18227.0,12.5,BULLISH,3R,3.0,18189.0,18182.0,2024Q2,2024-05,10
2024-05-07 11:42,18243.0,2024-05-07 13:42,18239.5,18207.0,18351.0,36.0,BULLISH,timeout,-0.09722222222222222,18240.5,18212.0,2024Q2,2024-05,11
2024-05-08 13:33,18153.0,2024-05-08 13:44,18162.75,18162.75,18123.75,9.75,BEARISH,SL,-1.0,18157.75,18151.25,2024Q2,2024-05,13
2024-05-09 12:00,18179.0,2024-05-09 13:03,18227.0,18163.0,18227.0,16.0,BULLISH,3R,3.0,18186.5,18168.0,2024Q2,2024-05,12
2024-05-09 12:20,18191.0,2024-05-09 14:20,18205.0,18163.0,18275.0,28.0,BULLISH,timeout,0.5,18186.5,18168.0,2024Q2,2024-05,12
2024-05-13 13:24,18292.25,2024-05-13 14:03,18268.25,18300.25,18268.25,8.0,BEARISH,3R,3.0,18295.25,18294.0,2024Q2,2024-05,13
2024-05-16 12:56,18734.0,2024-05-16 13:15,18739.5,18739.5,18717.5,5.5,BEARISH,SL,-1.0,18734.5,18733.25,2024Q2,2024-05,12
2024-05-17 10:06,18645.25,2024-05-17 10:26,18656.25,18656.25,18612.25,11.0,BEARISH,SL,-1.0,18651.25,18650.5,2024Q2,2024-05,10
2024-05-20 13:46,18751.5,2024-05-20 15:46,18756.25,18784.75,18651.75,33.25,BEARISH,timeout,-0.14285714285714285,18779.75,18751.75,2024Q2,2024-05,13
2024-05-21 10:40,18746.75,2024-05-21 10:59,18753.75,18753.75,18725.75,7.0,BEARISH,SL,-1.0,18748.75,18744.25,2024Q2,2024-05,10
2024-05-21 09:39,18702.75,2024-05-21 10:03,18720.5,18720.5,18649.5,17.75,BEARISH,SL,-1.0,18715.5,18708.0,2024Q2,2024-05,9
2024-05-24 10:46,18824.0,2024-05-24 11:11,18904.25,18797.25,18904.25,26.75,BULLISH,3R,3.0,18814.5,18802.25,2024Q2,2024-05,10
2024-05-24 11:40,18887.5,2024-05-24 13:40,18885.25,18861.75,18964.75,25.75,BULLISH,timeout,-0.08737864077669903,18898.25,18866.75,2024Q2,2024-05,11
2024-05-28 10:06,18881.0,2024-05-28 10:46,18917.5,18917.5,18771.5,36.5,BEARISH,SL,-1.0,18912.5,18874.5,2024Q2,2024-05,10
2024-05-29 10:58,18858.0,2024-05-29 11:09,18839.25,18839.25,18914.25,18.75,BULLISH,SL,-1.0,18852.25,18844.25,2024Q2,2024-05,10
2024-05-29 11:12,18843.0,2024-05-29 11:13,18839.25,18839.25,18854.25,3.75,BULLISH,SL,-1.0,18852.25,18844.25,2024Q2,2024-05,11
2024-05-30 09:33,18758.0,2024-05-30 09:34,18725.0,18725.0,18857.0,33.0,BULLISH,SL,-1.0,18748.25,18730.0,2024Q2,2024-05,9
2024-05-30 12:02,18679.75,2024-05-30 14:02,18703.0,18657.5,18746.5,22.25,BULLISH,timeout,1.0449438202247192,18669.75,18662.5,2024Q2,2024-05,12
2024-06-03 13:40,18560.0,2024-06-03 15:27,18597.75,18597.75,18446.75,37.75,BEARISH,SL,-1.0,18592.75,18542.0,2024Q2,2024-06,13
2024-06-05 13:24,18997.75,2024-06-05 13:25,18987.25,18987.25,19029.25,10.5,BULLISH,SL,-1.0,18998.25,18992.25,2024Q2,2024-06,13
2024-06-05 09:38,18833.25,2024-06-05 09:39,18823.25,18823.25,18863.25,10.0,BULLISH,SL,-1.0,18830.25,18828.25,2024Q2,2024-06,9
2024-06-06 10:26,19070.5,2024-06-06 10:32,19090.5,19090.5,19010.5,20.0,BEARISH,SL,-1.0,19085.5,19079.25,2024Q2,2024-06,10
2024-06-07 09:44,19029.25,2024-06-07 11:44,19061.75,18993.25,19137.25,36.0,BULLISH,timeout,0.9027777777777778,19004.0,18998.25,2024Q2,2024-06,9
2024-06-10 13:43,19065.25,2024-06-10 14:30,19042.0,19042.0,19135.0,23.25,BULLISH,SL,-1.0,19062.25,19047.0,2024Q2,2024-06,13
2024-06-10 12:02,19092.0,2024-06-10 13:16,19077.25,19077.25,19136.25,14.75,BULLISH,SL,-1.0,19084.5,19082.25,2024Q2,2024-06,12
2024-06-13 11:50,19602.0,2024-06-13 12:16,19548.75,19619.75,19548.75,17.75,BEARISH,3R,3.0,19614.75,19598.25,2024Q2,2024-06,11
2024-06-14 10:13,19596.25,2024-06-14 10:38,19574.25,19574.25,19662.25,22.0,BULLISH,SL,-1.0,19596.5,19579.25,2024Q2,2024-06,10
2024-06-17 11:36,19743.25,2024-06-17 12:47,19844.5,19709.5,19844.5,33.75,BULLISH,3R,3.0,19739.75,19714.5,2024Q2,2024-06,11
2024-06-19 12:36,19962.25,2024-06-19 19:43,19958.5,19969.5,19940.5,7.25,BEARISH,timeout,0.5172413793103449,19964.5,19963.75,2024Q2,2024-06,12
2024-06-20 12:48,19812.75,2024-06-20 14:48,19769.75,19891.25,19577.25,78.5,BEARISH,timeout,0.5477707006369427,19886.25,19805.25,2024Q2,2024-06,12
2024-06-20 09:48,19980.0,2024-06-20 10:05,19944.0,19992.0,19944.0,12.0,BEARISH,3R,3.0,19987.0,19984.0,2024Q2,2024-06,9
2024-06-25 10:58,19861.75,2024-06-25 11:07,19904.5,19847.5,19904.5,14.25,BULLISH,3R,3.0,19854.0,19852.5,2024Q2,2024-06,10
2024-06-25 13:58,19922.5,2024-06-25 14:09,19935.0,19935.0,19885.0,12.5,BEARISH,SL,-1.0,19930.0,19921.5,2024Q2,2024-06,13
2024-06-27 11:33,19978.25,2024-06-27 11:34,19977.25,19977.25,19981.25,1.0,BULLISH,SL,-1.0,19983.75,19982.25,2024Q2,2024-06,11
2024-06-27 10:53,20014.0,2024-06-27 11:28,20000.25,20000.25,20055.25,13.75,BULLISH,SL,-1.0,20009.75,20005.25,2024Q2,2024-06,10
2024-06-28 10:59,20137.0,2024-06-28 11:01,20100.5,20100.5,20246.5,36.5,BULLISH,SL,-1.0,20148.0,20105.5,2024Q2,2024-06,10
2024-07-01 09:31,19967.5,2024-07-01 09:32,19953.25,19953.25,20010.25,14.25,BULLISH,SL,-1.0,19963.25,19958.25,2024Q3,2024-07,9
2024-07-01 10:09,19923.0,2024-07-01 10:14,19824.75,19955.75,19824.75,32.75,BEARISH,3R,3.0,19950.75,19927.0,2024Q3,2024-07,10
2024-07-02 13:33,20176.0,2024-07-02 15:33,20228.5,20122.75,20335.75,53.25,BULLISH,timeout,0.9859154929577465,20172.75,20127.75,2024Q3,2024-07,13
2024-07-02 12:31,20101.5,2024-07-02 12:56,20126.5,20126.5,20026.5,25.0,BEARISH,SL,-1.0,20121.5,20098.5,2024Q3,2024-07,12
2024-07-03 11:43,20338.5,2024-07-03 12:16,20406.75,20315.75,20406.75,22.75,BULLISH,3R,3.0,20335.5,20320.75,2024Q3,2024-07,11
2024-07-03 12:48,20375.25,2024-07-03 19:34,20407.5,20345.0,20466.0,30.25,BULLISH,timeout,1.0661157024793388,20375.75,20350.0,2024Q3,2024-07,12
2024-07-04 11:58,20384.0,2024-07-04 18:00,20372.0,20372.0,20420.0,12.0,BULLISH,SL,-1.0,20383.5,20377.0,2024Q3,2024-07,11
2024-07-05 13:03,20590.25,2024-07-05 15:03,20618.25,20564.25,20668.25,26.0,BULLISH,timeout,1.0769230769230769,20585.25,20569.25,2024Q3,2024-07,13
2024-07-08 12:14,20623.25,2024-07-08 14:14,20638.75,20605.0,20678.0,18.25,BULLISH,timeout,0.8493150684931506,20625.0,20610.0,2024Q3,2024-07,12
2024-07-08 12:15,20635.75,2024-07-08 12:17,20628.25,20628.25,20658.25,7.5,BULLISH,SL,-1.0,20635.25,20633.25,2024Q3,2024-07,12
2024-07-09 09:39,20726.0,2024-07-09 09:43,20738.25,20738.25,20689.25,12.25,BEARISH,SL,-1.0,20733.25,20732.75,2024Q3,2024-07,9
2024-07-09 13:05,20687.25,2024-07-09 13:17,20652.75,20698.75,20652.75,11.5,BEARISH,3R,3.0,20693.75,20677.75,2024Q3,2024-07,13
2024-07-10 09:40,20736.25,2024-07-10 09:41,20744.5,20733.5,20744.5,2.75,BULLISH,3R,3.0,20747.25,20738.5,2024Q3,2024-07,9
2024-07-10 11:43,20758.0,2024-07-10 12:32,20826.25,20735.25,20826.25,22.75,BULLISH,3R,3.0,20752.0,20740.25,2024Q3,2024-07,11
2024-07-11 13:19,20467.75,2024-07-11 15:19,20473.0,20506.75,20350.75,39.0,BEARISH,timeout,-0.1346153846153846,20501.75,20471.25,2024Q3,2024-07,13
2024-07-12 10:23,20531.25,2024-07-12 12:23,20589.75,20473.0,20706.0,58.25,BULLISH,timeout,1.0042918454935623,20537.25,20478.0,2024Q3,2024-07,10
2024-07-15 09:36,20614.0,2024-07-15 09:38,20625.5,20625.5,20579.5,11.5,BEARISH,SL,-1.0,20620.5,20611.25,2024Q3,2024-07,9
2024-07-15 11:48,20686.75,2024-07-15 12:05,20673.0,20673.0,20728.0,13.75,BULLISH,SL,-1.0,20678.75,20678.0,2024Q3,2024-07,11
2024-07-16 12:53,20529.25,2024-07-16 12:59,20548.0,20548.0,20473.0,18.75,BEARISH,SL,-1.0,20543.0,20529.5,2024Q3,2024-07,12
2024-07-18 09:35,20099.5,2024-07-18 09:36,20092.25,20092.25,20121.25,7.25,BULLISH,SL,-1.0,20102.75,20097.25,2024Q3,2024-07,9
2024-07-18 10:08,20093.25,2024-07-18 10:34,19959.0,20138.0,19959.0,44.75,BEARISH,3R,3.0,20133.0,20072.5,2024Q3,2024-07,10
2024-07-19 10:55,19822.25,2024-07-19 11:00,19848.5,19848.5,19743.5,26.25,BEARISH,SL,-1.0,19843.5,19829.75,2024Q3,2024-07,10
2024-07-22 12:05,19847.75,2024-07-22 12:19,19896.75,19896.75,19700.75,49.0,BEARISH,SL,-1.0,19891.75,19851.25,2024Q3,2024-07,12
2024-07-22 10:47,20002.25,2024-07-22 10:51,19964.5,19964.5,20115.5,37.75,BULLISH,SL,-1.0,19990.25,19969.5,2024Q3,2024-07,10
2024-07-23 09:55,19996.0,2024-07-23 10:02,19977.25,19977.25,20052.25,18.75,BULLISH,SL,-1.0,19992.5,19982.25,2024Q3,2024-07,9
2024-07-23 11:05,19984.75,2024-07-23 11:07,20000.75,20000.75,19936.75,16.0,BEARISH,SL,-1.0,19995.75,19983.0,2024Q3,2024-07,11
2024-07-25 10:33,19080.75,2024-07-25 10:37,19112.75,19112.75,18984.75,32.0,BEARISH,SL,-1.0,19107.75,19041.0,2024Q3,2024-07,10
2024-07-25 11:45,19176.0,2024-07-25 12:14,19288.5,19138.5,19288.5,37.5,BULLISH,3R,3.0,19150.25,19143.5,2024Q3,2024-07,11
2024-07-26 10:03,19145.0,2024-07-26 10:05,19097.0,19161.0,19097.0,16.0,BEARISH,3R,3.0,19156.0,19145.5,2024Q3,2024-07,10
2024-07-26 11:11,19133.5,2024-07-26 11:12,19140.0,19140.0,19114.0,6.5,BEARISH,SL,-1.0,19135.0,19099.25,2024Q3,2024-07,11
2024-07-29 13:23,19306.0,2024-07-29 13:29,19266.25,19266.25,19425.25,39.75,BULLISH,SL,-1.0,19297.0,19271.25,2024Q3,2024-07,13
2024-07-30 13:16,18885.25,2024-07-30 13:22,18907.25,18907.25,18819.25,22.0,BEARISH,SL,-1.0,18902.25,18882.0,2024Q3,2024-07,13
2024-07-31 13:48,19408.5,2024-07-31 13:50,19427.25,19402.25,19427.25,6.25,BULLISH,3R,3.0,19414.75,19407.25,2024Q3,2024-07,13
2024-08-01 09:44,19627.0,2024-08-01 10:05,19590.5,19590.5,19736.5,36.5,BULLISH,SL,-1.0,19606.75,19595.5,2024Q3,2024-08,9
2024-08-01 10:14,19604.5,2024-08-01 10:16,19554.25,19554.25,19755.25,50.25,BULLISH,SL,-1.0,19598.5,19559.25,2024Q3,2024-08,10
2024-08-02 10:31,18519.25,2024-08-02 11:00,18406.0,18557.0,18406.0,37.75,BEARISH,3R,3.0,18552.0,18513.75,2024Q3,2024-08,10
2024-08-02 10:52,18515.25,2024-08-02 11:36,18557.0,18557.0,18390.0,41.75,BEARISH,SL,-1.0,18552.0,18513.75,2024Q3,2024-08,10
2024-08-05 13:44,18127.5,2024-08-05 14:01,18027.75,18160.75,18027.75,33.25,BEARISH,3R,3.0,18155.75,18141.75,2024Q3,2024-08,13
2024-08-06 13:16,18414.25,2024-08-06 15:01,18364.0,18364.0,18565.0,50.25,BULLISH,SL,-1.0,18410.0,18369.0,2024Q3,2024-08,13
2024-08-06 12:26,18330.25,2024-08-06 14:26,18451.75,18264.75,18526.75,65.5,BULLISH,timeout,1.8549618320610688,18322.75,18269.75,2024Q3,2024-08,12
2024-08-07 10:21,18469.0,2024-08-07 10:25,18455.75,18455.75,18508.75,13.25,BULLISH,SL,-1.0,18472.5,18460.75,2024Q3,2024-08,10
2024-08-12 13:24,18673.25,2024-08-12 13:26,18647.75,18681.75,18647.75,8.5,BEARISH,3R,3.0,18676.75,18643.25,2024Q3,2024-08,13
2024-08-12 13:30,18653.75,2024-08-12 15:30,18631.25,18681.75,18569.75,28.0,BEARISH,timeout,0.8035714285714286,18676.75,18643.25,2024Q3,2024-08,13
2024-08-13 13:28,19063.75,2024-08-13 13:46,19029.0,19029.0,19168.0,34.75,BULLISH,SL,-1.0,19059.5,19034.0,2024Q3,2024-08,13
2024-08-13 13:49,19040.75,2024-08-13 13:50,19029.0,19029.0,19076.0,11.75,BULLISH,SL,-1.0,19059.5,19034.0,2024Q3,2024-08,13
2024-08-20 13:32,19790.25,2024-08-20 13:43,19801.0,19801.0,19758.0,10.75,BEARISH,SL,-1.0,19796.0,19789.25,2024Q3,2024-08,13
2024-08-20 12:08,19848.25,2024-08-20 12:36,19796.5,19865.5,19796.5,17.25,BEARISH,3R,3.0,19860.5,19849.5,2024Q3,2024-08,12
2024-08-21 12:28,19836.75,2024-08-21 12:30,19843.25,19843.25,19817.25,6.5,BEARISH,SL,-1.0,19838.25,19824.75,2024Q3,2024-08,12
2024-08-22 12:15,19743.25,2024-08-22 12:26,19810.75,19810.75,19540.75,67.5,BEARISH,SL,-1.0,19805.75,19732.0,2024Q3,2024-08,12
2024-08-23 11:20,19789.25,2024-08-23 11:26,19800.5,19800.5,19755.5,11.25,BEARISH,SL,-1.0,19795.5,19757.75,2024Q3,2024-08,11
2024-08-26 11:26,19618.75,2024-08-26 13:26,19617.5,19646.0,19537.0,27.25,BEARISH,timeout,0.045871559633027525,19641.0,19619.25,2024Q3,2024-08,11
2024-08-26 11:44,19611.75,2024-08-26 13:44,19567.75,19646.0,19509.0,34.25,BEARISH,timeout,1.2846715328467153,19641.0,19619.25,2024Q3,2024-08,11
2024-08-27 11:35,19597.25,2024-08-27 11:40,19587.0,19587.0,19628.0,10.25,BULLISH,SL,-1.0,19623.0,19592.0,2024Q3,2024-08,11
2024-08-27 12:16,19638.5,2024-08-27 13:28,19670.75,19670.75,19541.75,32.25,BEARISH,SL,-1.0,19665.75,19630.75,2024Q3,2024-08,12
2024-08-28 09:36,19619.75,2024-08-28 09:45,19564.25,19638.25,19564.25,18.5,BEARISH,3R,3.0,19633.25,19626.25,2024Q3,2024-08,9
2024-08-28 11:54,19418.5,2024-08-28 12:56,19459.5,19459.5,19295.5,41.0,BEARISH,SL,-1.0,19454.5,19389.0,2024Q3,2024-08,11
2024-09-03 12:19,19192.0,2024-09-03 12:20,19188.25,19193.25,19188.25,1.25,BEARISH,3R,3.0,19188.25,19183.25,2024Q3,2024-09,12
2024-09-05 12:51,18937.25,2024-09-05 12:52,18923.25,18923.25,18979.25,14.0,BULLISH,SL,-1.0,18929.25,18928.25,2024Q3,2024-09,12
2024-09-09 10:22,18643.5,2024-09-09 10:24,18627.5,18627.5,18691.5,16.0,BULLISH,SL,-1.0,18636.75,18632.5,2024Q3,2024-09,10
2024-09-09 13:48,18671.0,2024-09-09 13:56,18660.5,18660.5,18702.5,10.5,BULLISH,SL,-1.0,18666.25,18665.5,2024Q3,2024-09,13
2024-09-10 09:41,18743.0,2024-09-10 09:43,18728.75,18728.75,18785.75,14.25,BULLISH,SL,-1.0,18734.5,18733.75,2024Q3,2024-09,9
2024-09-10 11:43,18741.5,2024-09-10 11:44,18731.5,18731.5,18771.5,10.0,BULLISH,SL,-1.0,18740.5,18736.5,2024Q3,2024-09,11
2024-09-11 09:33,18882.5,2024-09-11 09:34,18870.25,18870.25,18919.25,12.25,BULLISH,SL,-1.0,18891.25,18875.25,2024Q3,2024-09,9
2024-09-12 10:38,19301.75,2024-09-12 10:59,19272.5,19272.5,19389.5,29.25,BULLISH,SL,-1.0,19293.75,19277.5,2024Q3,2024-09,10
2024-09-13 13:38,19545.75,2024-09-13 14:25,19503.25,19503.25,19673.25,42.5,BULLISH,SL,-1.0,19536.5,19508.25,2024Q3,2024-09,13
2024-09-13 10:03,19461.5,2024-09-13 10:30,19432.25,19432.25,19549.25,29.25,BULLISH,SL,-1.0,19460.0,19437.25,2024Q3,2024-09,10
2024-09-16 13:25,19380.25,2024-09-16 13:28,19367.5,19367.5,19418.5,12.75,BULLISH,SL,-1.0,19374.0,19372.5,2024Q3,2024-09,13
2024-09-16 11:21,19381.0,2024-09-16 13:21,19366.0,19412.0,19288.0,31.0,BEARISH,timeout,0.4838709677419355,19407.0,19390.0,2024Q3,2024-09,11
2024-09-18 09:42,19464.5,2024-09-18 09:43,19460.25,19460.25,19477.25,4.25,BULLISH,SL,-1.0,19477.5,19465.25,2024Q3,2024-09,9
2024-09-19 09:38,19784.25,2024-09-19 09:50,19765.5,19765.5,19840.5,18.75,BULLISH,SL,-1.0,19791.75,19770.5,2024Q3,2024-09,9
2024-09-19 12:02,19880.0,2024-09-19 12:05,19901.75,19872.75,19901.75,7.25,BULLISH,3R,3.0,19882.25,19877.75,2024Q3,2024-09,12
2024-09-24 12:29,20191.25,2024-09-24 14:13,20142.0,20142.0,20339.0,49.25,BULLISH,SL,-1.0,20186.0,20147.0,2024Q3,2024-09,12
2024-09-25 10:31,20227.0,2024-09-25 11:29,20201.0,20201.0,20305.0,26.0,BULLISH,SL,-1.0,20223.5,20206.0,2024Q3,2024-09,10
2024-09-27 10:13,20312.5,2024-09-27 10:16,20305.75,20305.75,20332.75,6.75,BULLISH,SL,-1.0,20314.75,20310.75,2024Q3,2024-09,10
2024-09-27 11:45,20280.25,2024-09-27 12:00,20227.75,20297.75,20227.75,17.5,BEARISH,3R,3.0,20292.75,20278.25,2024Q3,2024-09,11
2024-09-30 10:01,20203.0,2024-09-30 10:06,20184.25,20184.25,20259.25,18.75,BULLISH,SL,-1.0,20199.5,20189.25,2024Q3,2024-09,10
2024-09-30 11:43,20187.5,2024-09-30 11:44,20198.0,20184.0,20198.0,3.5,BULLISH,3R,3.0,20197.25,20189.0,2024Q3,2024-09,11
2024-10-02 10:05,19952.25,2024-10-02 10:17,19980.25,19980.25,19868.25,28.0,BEARISH,SL,-1.0,19975.25,19953.0,2024Q4,2024-10,10
2024-10-02 13:00,19980.0,2024-10-02 13:27,20009.25,19970.25,20009.25,9.75,BULLISH,3R,3.0,19985.5,19975.25,2024Q4,2024-10,13
2024-10-03 13:28,19973.0,2024-10-03 15:28,19917.25,20026.25,19813.25,53.25,BEARISH,timeout,1.0469483568075117,20021.25,19975.0,2024Q4,2024-10,13
2024-10-04 10:53,20112.0,2024-10-04 12:53,20160.75,20190.75,19875.75,78.75,BEARISH,timeout,-0.6190476190476191,20185.75,20119.25,2024Q4,2024-10,10
2024-10-04 12:14,20099.0,2024-10-04 12:15,20101.25,20101.25,20092.25,2.25,BEARISH,SL,-1.0,20096.25,20091.0,2024Q4,2024-10,12
2024-10-08 10:23,20163.0,2024-10-08 12:23,20229.5,20110.75,20319.75,52.25,BULLISH,timeout,1.2727272727272727,20155.75,20115.75,2024Q4,2024-10,10
2024-10-08 11:12,20228.0,2024-10-08 13:08,20184.5,20184.5,20358.5,43.5,BULLISH,SL,-1.0,20229.5,20189.5,2024Q4,2024-10,11
2024-10-09 10:51,20331.0,2024-10-09 11:36,20415.75,20302.75,20415.75,28.25,BULLISH,3R,3.0,20324.75,20307.75,2024Q4,2024-10,10
2024-10-09 13:54,20389.0,2024-10-09 15:52,20479.75,20358.75,20479.75,30.25,BULLISH,3R,3.0,20373.0,20363.75,2024Q4,2024-10,13
2024-10-10 09:36,20377.5,2024-10-10 11:15,20430.25,20430.25,20219.25,52.75,BEARISH,SL,-1.0,20425.25,20374.5,2024Q4,2024-10,9
2024-10-10 13:05,20446.5,2024-10-10 13:22,20464.0,20464.0,20394.0,17.5,BEARISH,SL,-1.0,20459.0,20448.25,2024Q4,2024-10,13
2024-10-11 09:50,20357.75,2024-10-11 09:56,20370.0,20370.0,20321.0,12.25,BEARISH,SL,-1.0,20365.0,20351.75,2024Q4,2024-10,9
2024-10-11 10:50,20421.0,2024-10-11 12:50,20415.5,20367.0,20583.0,54.0,BULLISH,timeout,-0.10185185185185185,20430.25,20372.0,2024Q4,2024-10,10
2024-10-14 09:31,20555.0,2024-10-14 09:45,20612.0,20536.0,20612.0,19.0,BULLISH,3R,3.0,20548.5,20541.0,2024Q4,2024-10,9
2024-10-16 10:27,20334.75,2024-10-16 10:39,20281.5,20352.5,20281.5,17.75,BEARISH,3R,3.0,20347.5,20259.5,2024Q4,2024-10,10
2024-10-16 10:45,20258.25,2024-10-16 10:46,20269.5,20254.5,20269.5,3.75,BULLISH,3R,3.0,20282.25,20259.5,2024Q4,2024-10,10
2024-10-17 12:02,20517.0,2024-10-17 14:02,20467.5,20577.25,20336.25,60.25,BEARISH,timeout,0.8215767634854771,20572.25,20504.75,2024Q4,2024-10,12
2024-10-18 09:37,20452.25,2024-10-18 09:38,20445.5,20445.5,20472.5,6.75,BULLISH,SL,-1.0,20456.0,20450.5,2024Q4,2024-10,9
2024-10-18 13:31,20485.25,2024-10-18 14:01,20463.75,20463.75,20549.75,21.5,BULLISH,SL,-1.0,20483.25,20468.75,2024Q4,2024-10,13
2024-10-22 12:43,20434.0,2024-10-22 13:38,20538.25,20399.25,20538.25,34.75,BULLISH,3R,3.0,20430.25,20404.25,2024Q4,2024-10,12
2024-10-23 12:50,20279.75,2024-10-23 12:52,20251.25,20289.25,20251.25,9.5,BEARISH,3R,3.0,20284.25,20277.5,2024Q4,2024-10,12
2024-10-24 13:05,20376.75,2024-10-24 13:12,20385.25,20385.25,20351.25,8.5,BEARISH,SL,-1.0,20380.25,20376.25,2024Q4,2024-10,13
2024-10-24 13:15,20373.25,2024-10-24 15:15,20383.5,20394.0,20311.0,20.75,BEARISH,timeout,-0.4939759036144578,20389.0,20376.25,2024Q4,2024-10,13
2024-10-25 09:31,20519.25,2024-10-25 10:00,20662.5,20471.5,20662.5,47.75,BULLISH,3R,3.0,20490.25,20476.5,2024Q4,2024-10,9
2024-10-28 10:16,20578.5,2024-10-28 12:16,20553.25,20623.25,20444.25,44.75,BEARISH,timeout,0.5642458100558659,20618.25,20583.75,2024Q4,2024-10,10
2024-10-30 10:14,20662.0,2024-10-30 10:19,20679.0,20679.0,20611.0,17.0,BEARISH,SL,-1.0,20674.0,20672.75,2024Q4,2024-10,10
2024-10-31 10:20,20186.75,2024-10-31 12:20,20095.0,20257.75,19973.75,71.0,BEARISH,timeout,1.2922535211267605,20252.75,20183.0,2024Q4,2024-10,10
2024-11-01 10:49,20185.75,2024-11-01 10:58,20230.75,20170.75,20230.75,15.0,BULLISH,3R,3.0,20209.5,20175.75,2024Q4,2024-11,10
2024-11-01 11:06,20227.5,2024-11-01 11:08,20216.5,20216.5,20260.5,11.0,BULLISH,SL,-1.0,20226.75,20221.5,2024Q4,2024-11,11
2024-11-04 09:31,20125.0,2024-11-04 09:34,20073.25,20142.25,20073.25,17.25,BEARISH,3R,3.0,20137.25,20132.5,2024Q4,2024-11,9
2024-11-05 10:30,20266.75,2024-11-05 11:01,20237.75,20237.75,20353.75,29.0,BULLISH,SL,-1.0,20260.0,20242.75,2024Q4,2024-11,10
2024-11-07 13:12,21166.25,2024-11-07 13:46,21152.25,21152.25,21208.25,14.0,BULLISH,SL,-1.0,21160.0,21157.25,2024Q4,2024-11,13
2024-11-08 13:01,21217.5,2024-11-08 13:36,21253.5,21205.5,21253.5,12.0,BULLISH,3R,3.0,21214.75,21210.5,2024Q4,2024-11,13
2024-11-11 10:38,21229.25,2024-11-11 12:38,21176.25,21286.0,21059.0,56.75,BEARISH,timeout,0.933920704845815,21281.0,21218.25,2024Q4,2024-11,10
2024-11-12 13:18,21113.0,2024-11-12 13:32,21142.5,21142.5,21024.5,29.5,BEARISH,SL,-1.0,21137.5,21107.25,2024Q4,2024-11,13
2024-11-13 10:39,21116.0,2024-11-13 10:44,21126.5,21126.5,21084.5,10.5,BEARISH,SL,-1.0,21121.5,21115.0,2024Q4,2024-11,10
2024-11-14 09:31,21161.25,2024-11-14 09:36,21171.0,21171.0,21132.0,9.75,BEARISH,SL,-1.0,21166.0,21161.5,2024Q4,2024-11,9
2024-11-18 11:56,20650.0,2024-11-18 13:56,20641.75,20594.0,20818.0,56.0,BULLISH,timeout,-0.14732142857142858,20649.5,20599.0,2024Q4,2024-11,11
2024-11-18 12:21,20652.0,2024-11-18 14:21,20603.5,20594.0,20826.0,58.0,BULLISH,timeout,-0.8362068965517241,20649.5,20599.0,2024Q4,2024-11,12
2024-11-19 12:03,20667.0,2024-11-19 12:04,20663.5,20663.5,20677.5,3.5,BULLISH,SL,-1.0,20673.75,20668.5,2024Q4,2024-11,12
2024-11-20 10:36,20560.75,2024-11-20 10:49,20618.0,20618.0,20389.0,57.25,BEARISH,SL,-1.0,20613.0,20539.25,2024Q4,2024-11,10
2024-11-20 11:38,20558.25,2024-11-20 11:44,20630.25,20534.25,20630.25,24.0,BULLISH,3R,3.0,20583.0,20539.25,2024Q4,2024-11,11
2024-11-21 09:50,20767.0,2024-11-21 09:52,20731.0,20731.0,20875.0,36.0,BULLISH,SL,-1.0,20782.0,20736.0,2024Q4,2024-11,9
2024-11-21 10:38,20540.75,2024-11-21 10:43,20595.0,20595.0,20378.0,54.25,BEARISH,SL,-1.0,20590.0,20565.25,2024Q4,2024-11,10
2024-11-22 13:46,20842.5,2024-11-22 13:50,20836.0,20836.0,20862.0,6.5,BULLISH,SL,-1.0,20841.5,20841.0,2024Q4,2024-11,13
2024-11-26 13:15,20960.75,2024-11-26 14:17,20939.75,20939.75,21023.75,21.0,BULLISH,SL,-1.0,20961.25,20944.75,2024Q4,2024-11,13
2024-11-27 13:20,20786.0,2024-11-27 13:55,20813.0,20813.0,20705.0,27.0,BEARISH,SL,-1.0,20808.0,20786.5,2024Q4,2024-11,13
2024-11-28 11:37,20883.5,2024-11-28 18:37,20883.0,20870.75,20921.75,12.75,BULLISH,timeout,-0.0392156862745098,20883.75,20875.75,2024Q4,2024-11,11
2024-11-28 12:55,20890.0,2024-11-28 12:58,20887.5,20887.5,20897.5,2.5,BULLISH,SL,-1.0,20897.0,20892.5,2024Q4,2024-11,12
2024-11-29 11:39,20971.25,2024-11-29 11:49,20994.5,20963.5,20994.5,7.75,BULLISH,3R,3.0,20979.0,20968.5,2024Q4,2024-11,11
2024-12-02 11:00,21156.25,2024-12-02 11:39,21220.75,21134.75,21220.75,21.5,BULLISH,3R,3.0,21147.0,21139.75,2024Q4,2024-12,11
2024-12-03 09:37,21187.0,2024-12-03 09:40,21200.5,21200.5,21146.5,13.5,BEARISH,SL,-1.0,21195.5,21178.0,2024Q4,2024-12,9
2024-12-03 13:34,21233.75,2024-12-03 15:34,21251.0,21207.0,21314.0,26.75,BULLISH,timeout,0.6448598130841121,21229.5,21212.0,2024Q4,2024-12,13
2024-12-04 10:16,21423.5,2024-12-04 10:19,21442.25,21442.25,21367.25,18.75,BEARISH,SL,-1.0,21437.25,21436.75,2024Q4,2024-12,10
2024-12-04 11:31,21464.0,2024-12-04 11:32,21457.0,21457.0,21485.0,7.0,BULLISH,SL,-1.0,21462.5,21462.0,2024Q4,2024-12,11
2024-12-05 12:45,21552.0,2024-12-05 13:18,21526.75,21526.75,21627.75,25.25,BULLISH,SL,-1.0,21549.75,21531.75,2024Q4,2024-12,12
2024-12-06 10:57,21619.0,2024-12-06 11:09,21609.0,21609.0,21649.0,10.0,BULLISH,SL,-1.0,21617.25,21614.0,2024Q4,2024-12,10
2024-12-10 09:59,21518.5,2024-12-10 10:00,21547.75,21508.75,21547.75,9.75,BULLISH,3R,3.0,21522.0,21513.75,2024Q4,2024-12,9
2024-12-11 11:48,21755.5,2024-12-11 13:32,21808.0,21738.0,21808.0,17.5,BULLISH,3R,3.0,21750.0,21743.0,2024Q4,2024-12,11
2024-12-11 12:35,21778.0,2024-12-11 14:35,21807.5,21758.75,21835.75,19.25,BULLISH,timeout,1.5324675324675325,21770.5,21763.75,2024Q4,2024-12,12
2024-12-12 10:28,21700.5,2024-12-12 10:56,21724.75,21724.75,21627.75,24.25,BEARISH,SL,-1.0,21719.75,21710.0,2024Q4,2024-12,10
2024-12-12 11:50,21697.25,2024-12-12 11:52,21681.75,21681.75,21743.75,15.5,BULLISH,SL,-1.0,21689.5,21686.75,2024Q4,2024-12,11
2024-12-13 09:35,21815.75,2024-12-13 09:36,21819.0,21819.0,21806.0,3.25,BEARISH,SL,-1.0,21814.0,21803.5,2024Q4,2024-12,9
2024-12-13 10:04,21873.25,2024-12-13 10:37,21798.5,21798.5,22097.5,74.75,BULLISH,SL,-1.0,21866.75,21803.5,2024Q4,2024-12,10
2024-12-16 11:39,22032.0,2024-12-16 11:44,22004.75,22004.75,22113.75,27.25,BULLISH,SL,-1.0,22019.75,22009.75,2024Q4,2024-12,11
2024-12-17 11:07,22001.75,2024-12-17 11:37,22079.0,21976.0,22079.0,25.75,BULLISH,3R,3.0,21983.0,21981.0,2024Q4,2024-12,11
2024-12-19 11:56,21304.0,2024-12-19 12:03,21279.0,21279.0,21379.0,25.0,BULLISH,SL,-1.0,21286.5,21284.0,2024Q4,2024-12,11
2024-12-23 09:38,21629.5,2024-12-23 09:39,21647.75,21647.75,21574.75,18.25,BEARISH,SL,-1.0,21642.75,21588.5,2024Q4,2024-12,9
2024-12-23 09:31,21654.0,2024-12-23 09:37,21626.5,21626.5,21736.5,27.5,BULLISH,SL,-1.0,21640.25,21631.5,2024Q4,2024-12,9
2024-12-24 11:33,21971.0,2024-12-24 11:46,21993.5,21963.5,21993.5,7.5,BULLISH,3R,3.0,21969.25,21968.5,2024Q4,2024-12,11
2024-12-30 12:58,21508.0,2024-12-30 14:21,21482.0,21482.0,21586.0,26.0,BULLISH,SL,-1.0,21493.75,21487.0,2024Q4,2024-12,12
2024-12-31 11:53,21336.75,2024-12-31 12:32,21239.25,21369.25,21239.25,32.5,BEARISH,3R,3.0,21364.25,21346.25,2024Q4,2024-12,11
2024-12-31 13:16,21278.5,2024-12-31 13:20,21265.75,21265.75,21316.75,12.75,BULLISH,SL,-1.0,21278.75,21270.75,2024Q4,2024-12,13
2025-01-02 10:58,21293.25,2025-01-02 12:40,21045.0,21376.0,21045.0,82.75,BEARISH,3R,3.0,21371.0,21299.0,2025Q1,2025-01,10
2025-01-03 10:23,21295.0,2025-01-03 11:03,21401.5,21259.5,21401.5,35.5,BULLISH,3R,3.0,21277.75,21264.5,2025Q1,2025-01,10
2025-01-06 12:46,21784.75,2025-01-06 13:45,21736.5,21736.5,21929.5,48.25,BULLISH,SL,-1.0,21786.0,21741.5,2025Q1,2025-01,12
2025-01-07 12:16,21459.25,2025-01-07 12:46,21395.5,21480.5,21395.5,21.25,BEARISH,3R,3.0,21475.5,21471.25,2025Q1,2025-01,12
2025-01-10 10:40,21069.75,2025-01-10 10:41,21072.75,21072.75,21060.75,3.0,BEARISH,SL,-1.0,21067.75,21053.0,2025Q1,2025-01,10
2025-01-13 13:21,20866.75,2025-01-13 13:22,20860.25,20860.25,20886.25,6.5,BULLISH,SL,-1.0,20868.0,20865.25,2025Q1,2025-01,13
2025-01-14 11:29,20922.0,2025-01-14 11:57,20828.25,20953.25,20828.25,31.25,BEARISH,3R,3.0,20948.25,20943.25,2025Q1,2025-01,11
2025-01-14 12:19,20869.25,2025-01-14 13:16,20895.25,20895.25,20791.25,26.0,BEARISH,SL,-1.0,20890.25,20864.75,2025Q1,2025-01,12
2025-01-16 11:23,21409.25,2025-01-16 11:24,21406.75,21406.75,21416.75,2.5,BULLISH,SL,-1.0,21416.0,21411.75,2025Q1,2025-01,11
2025-01-17 09:35,21556.75,2025-01-17 09:37,21540.5,21540.5,21605.5,16.25,BULLISH,SL,-1.0,21585.0,21545.5,2025Q1,2025-01,9
2025-01-21 12:10,21674.5,2025-01-21 12:28,21699.75,21699.75,21598.75,25.25,BEARISH,SL,-1.0,21694.75,21676.5,2025Q1,2025-01,12
2025-01-21 12:21,21661.25,2025-01-21 12:42,21716.75,21642.75,21716.75,18.5,BULLISH,3R,3.0,21656.25,21647.75,2025Q1,2025-01,12
2025-01-22 12:47,22056.75,2025-01-22 13:06,22048.5,22048.5,22081.5,8.25,BULLISH,SL,-1.0,22057.75,22053.5,2025Q1,2025-01,12
2025-01-22 13:52,22045.75,2025-01-22 13:56,22030.0,22051.0,22030.0,5.25,BEARISH,3R,3.0,22046.0,22041.75,2025Q1,2025-01,13
2025-01-23 11:13,21913.5,2025-01-23 11:14,21941.25,21904.25,21941.25,9.25,BULLISH,3R,3.0,21919.25,21909.25,2025Q1,2025-01,11
2025-01-24 09:40,22023.25,2025-01-24 09:49,22067.5,22008.5,22067.5,14.75,BULLISH,3R,3.0,22032.5,22013.5,2025Q1,2025-01,9
2025-01-27 11:10,21257.0,2025-01-27 13:10,21172.25,21137.25,21616.25,119.75,BULLISH,timeout,-0.7077244258872651,21259.75,21142.25,2025Q1,2025-01,11
2025-01-27 11:53,21239.75,2025-01-27 11:54,21202.25,21252.25,21202.25,12.5,BEARISH,3R,3.0,21247.25,21243.5,2025Q1,2025-01,11
2025-01-28 11:32,21408.0,2025-01-28 12:05,21504.0,21376.0,21504.0,32.0,BULLISH,3R,3.0,21411.0,21381.0,2025Q1,2025-01,11
2025-01-28 13:54,21549.0,2025-01-28 13:55,21533.25,21554.25,21533.25,5.25,BEARISH,3R,3.0,21549.25,21541.75,2025Q1,2025-01,13
2025-01-30 11:59,21616.25,2025-01-30 12:17,21532.25,21644.25,21532.25,28.0,BEARISH,3R,3.0,21639.25,21604.75,2025Q1,2025-01,11
2025-01-31 12:09,21892.5,2025-01-31 13:20,21833.5,21833.5,22069.5,59.0,BULLISH,SL,-1.0,21865.75,21838.5,2025Q1,2025-01,12
2025-01-31 12:30,21935.0,2025-01-31 12:32,21938.5,21938.5,21924.5,3.5,BEARISH,SL,-1.0,21933.5,21931.75,2025Q1,2025-01,12
2025-02-06 11:04,21785.0,2025-02-06 11:05,21773.75,21788.75,21773.75,3.75,BEARISH,3R,3.0,21783.75,21781.25,2025Q1,2025-02,11
2025-02-06 12:28,21795.25,2025-02-06 12:29,21783.25,21799.25,21783.25,4.0,BEARISH,3R,3.0,21794.25,21791.75,2025Q1,2025-02,12
2025-02-07 10:40,21763.0,2025-02-07 12:40,21659.75,21898.0,21358.0,135.0,BEARISH,timeout,0.7648148148148148,21893.0,21781.75,2025Q1,2025-02,10
2025-02-10 11:24,21851.0,2025-02-10 11:25,21863.75,21846.75,21863.75,4.25,BULLISH,3R,3.0,21863.0,21851.75,2025Q1,2025-02,11
2025-02-11 10:09,21779.75,2025-02-11 12:09,21735.25,21704.25,22006.25,75.5,BULLISH,timeout,-0.5894039735099338,21771.5,21709.25,2025Q1,2025-02,10
2025-02-12 12:02,21790.25,2025-02-12 12:03,21788.0,21788.0,21797.0,2.25,BULLISH,SL,-1.0,21797.75,21793.0,2025Q1,2025-02,12
2025-02-12 12:45,21764.0,2025-02-12 14:45,21812.5,21730.25,21865.25,33.75,BULLISH,timeout,1.4370370370370371,21766.25,21735.25,2025Q1,2025-02,12
2025-02-13 09:41,21863.0,2025-02-13 10:02,21958.25,21831.25,21958.25,31.75,BULLISH,3R,3.0,21859.5,21836.25,2025Q1,2025-02,9
2025-02-14 13:28,22147.0,2025-02-14 15:28,22188.0,22113.75,22246.75,33.25,BULLISH,timeout,1.2330827067669172,22150.5,22118.75,2025Q1,2025-02,13
2025-02-17 12:49,22236.5,2025-02-17 18:00,22228.0,22228.0,22262.0,8.5,BULLISH,SL,-1.0,22235.5,22233.0,2025Q1,2025-02,12
2025-02-17 11:05,22245.5,2025-02-17 18:01,22217.0,22255.0,22217.0,9.5,BEARISH,3R,3.0,22250.0,22243.0,2025Q1,2025-02,11
2025-02-18 13:58,22163.75,2025-02-18 14:07,22133.0,22174.0,22133.0,10.25,BEARISH,3R,3.0,22169.0,22164.5,2025Q1,2025-02,13
2025-02-18 11:25,22176.5,2025-02-18 11:48,22206.5,22166.5,22206.5,10.0,BULLISH,3R,3.0,22180.0,22171.5,2025Q1,2025-02,11
2025-02-20 10:22,22090.25,2025-02-20 12:22,22079.75,22169.5,21852.5,79.25,BEARISH,timeout,0.13249211356466878,22164.5,22050.5,2025Q1,2025-02,10
2025-02-20 10:34,22090.75,2025-02-20 12:34,22081.5,22169.5,21854.5,78.75,BEARISH,timeout,0.11746031746031746,22164.5,22050.5,2025Q1,2025-02,10
2025-02-21 11:21,22018.0,2025-02-21 12:19,21916.0,22052.0,21916.0,34.0,BEARISH,3R,3.0,22047.0,22020.0,2025Q1,2025-02,11
2025-02-24 10:18,21559.25,2025-02-24 12:18,21623.75,21689.0,21170.0,129.75,BEARISH,timeout,-0.49710982658959535,21684.0,21580.5,2025Q1,2025-02,10
2025-02-25 12:21,21138.75,2025-02-25 12:22,21134.25,21140.25,21134.25,1.5,BEARISH,3R,3.0,21135.25,21125.5,2025Q1,2025-02,12
2025-02-26 11:31,21360.25,2025-02-26 11:33,21350.25,21350.25,21390.25,10.0,BULLISH,SL,-1.0,21359.25,21355.25,2025Q1,2025-02,11
2025-02-27 13:16,21096.25,2025-02-27 14:11,21014.5,21123.5,21014.5,27.25,BEARISH,3R,3.0,21118.5,21094.25,2025Q1,2025-02,13
2025-02-27 13:48,21081.0,2025-02-27 14:00,21039.0,21039.0,21207.0,42.0,BULLISH,SL,-1.0,21071.75,21044.0,2025Q1,2025-02,13
2025-02-28 10:03,20630.25,2025-02-28 10:10,20662.0,20662.0,20535.0,31.75,BEARISH,SL,-1.0,20657.0,20641.0,2025Q1,2025-02,10
2025-03-04 09:39,20412.25,2025-03-04 09:40,20395.75,20417.75,20395.75,5.5,BEARISH,3R,3.0,20412.75,20371.5,2025Q1,2025-03,9
2025-03-05 13:17,20533.0,2025-03-05 13:18,20532.25,20533.25,20532.25,0.25,BEARISH,3R,3.0,20528.25,20527.5,2025Q1,2025-03,13
2025-03-06 11:40,20354.5,2025-03-06 11:49,20318.5,20366.5,20318.5,12.0,BEARISH,3R,3.0,20361.5,20345.5,2025Q1,2025-03,11
2025-03-07 11:13,19979.5,2025-03-07 11:16,19953.25,19953.25,20058.25,26.25,BULLISH,SL,-1.0,19980.0,19958.25,2025Q1,2025-03,11
2025-03-11 10:07,19472.25,2025-03-11 10:08,19462.75,19462.75,19500.75,9.5,BULLISH,SL,-1.0,19490.0,19467.75,2025Q1,2025-03,10
2025-03-11 11:18,19484.5,2025-03-11 11:19,19453.0,19495.0,19453.0,10.5,BEARISH,3R,3.0,19490.0,19485.0,2025Q1,2025-03,11
2025-03-12 09:59,19630.75,2025-03-12 10:03,19600.5,19600.5,19721.5,30.25,BULLISH,SL,-1.0,19643.0,19605.5,2025Q1,2025-03,9
2025-03-13 10:28,19530.5,2025-03-13 10:29,19481.0,19547.0,19481.0,16.5,BEARISH,3R,3.0,19542.0,19509.25,2025Q1,2025-03,10
2025-03-14 10:34,19482.75,2025-03-14 10:35,19492.75,19492.75,19452.75,10.0,BEARISH,SL,-1.0,19487.75,19482.5,2025Q1,2025-03,10
2025-03-17 12:38,19699.75,2025-03-17 12:40,19687.75,19703.75,19687.75,4.0,BEARISH,3R,3.0,19698.75,19693.5,2025Q1,2025-03,12
2025-03-19 10:44,19628.0,2025-03-19 10:46,19606.0,19606.0,19694.0,22.0,BULLISH,SL,-1.0,19618.25,19611.0,2025Q1,2025-03,10
2025-03-19 12:21,19685.0,2025-03-19 12:34,19673.25,19673.25,19720.25,11.75,BULLISH,SL,-1.0,19684.75,19678.25,2025Q1,2025-03,12
2025-03-25 09:31,20404.75,2025-03-25 09:35,20394.25,20394.25,20436.25,10.5,BULLISH,SL,-1.0,20404.0,20399.25,2025Q1,2025-03,9
2025-03-31 10:11,19158.5,2025-03-31 10:16,19121.75,19170.75,19121.75,12.25,BEARISH,3R,3.0,19165.75,19163.5,2025Q1,2025-03,10
2025-03-31 10:45,19105.25,2025-03-31 11:00,19174.25,19082.25,19174.25,23.0,BULLISH,3R,3.0,19106.0,19087.25,2025Q1,2025-03,10
2025-04-03 11:16,18818.25,2025-04-03 11:17,18836.25,18836.25,18764.25,18.0,BEARISH,SL,-1.0,18831.25,18827.25,2025Q2,2025-04,11
2025-04-04 11:43,17938.25,2025-04-04 11:45,17900.75,17900.75,18050.75,37.5,BULLISH,SL,-1.0,17919.0,17905.75,2025Q2,2025-04,11
2025-04-07 10:31,17379.25,2025-04-07 10:32,17534.5,17327.5,17534.5,51.75,BULLISH,3R,3.0,17910.0,17332.5,2025Q2,2025-04,10
2025-04-08 12:01,18012.0,2025-04-08 12:36,17798.25,18083.25,17798.25,71.25,BEARISH,3R,3.0,18078.25,18033.0,2025Q2,2025-04,12
2025-04-11 13:03,18745.75,2025-04-11 13:31,18622.5,18622.5,19115.5,123.25,BULLISH,SL,-1.0,18722.25,18627.5,2025Q2,2025-04,13
2025-04-11 11:09,18396.5,2025-04-11 11:10,18443.0,18381.0,18443.0,15.5,BULLISH,3R,3.0,18406.25,18386.0,2025Q2,2025-04,11
2025-04-14 10:06,19169.75,2025-04-14 10:09,19115.75,19187.75,19115.75,18.0,BEARISH,3R,3.0,19182.75,19107.5,2025Q2,2025-04,10
2025-04-14 09:59,19067.25,2025-04-14 10:02,19101.0,19101.0,18966.0,33.75,BEARISH,SL,-1.0,19096.0,19085.0,2025Q2,2025-04,9
2025-04-15 10:22,19003.25,2025-04-15 10:23,18982.75,18982.75,19064.75,20.5,BULLISH,SL,-1.0,19036.0,18987.75,2025Q2,2025-04,10
2025-04-17 10:49,18349.0,2025-04-17 11:06,18389.0,18389.0,18229.0,40.0,BEARISH,SL,-1.0,18384.0,18356.0,2025Q2,2025-04,10
2025-04-21 12:05,17821.75,2025-04-21 12:40,17862.0,17862.0,17701.0,40.25,BEARISH,SL,-1.0,17857.0,17825.25,2025Q2,2025-04,12
2025-04-23 10:19,18990.75,2025-04-23 10:26,19083.75,18959.75,19083.75,31.0,BULLISH,3R,3.0,18991.0,18964.75,2025Q2,2025-04,10
2025-04-23 12:00,18876.5,2025-04-23 12:03,18839.75,18888.75,18839.75,12.25,BEARISH,3R,3.0,18883.75,18851.5,2025Q2,2025-04,12
2025-04-24 12:46,19219.75,2025-04-24 14:46,19307.5,19187.5,19316.5,32.25,BULLISH,timeout,2.7209302325581395,19221.25,19192.5,2025Q2,2025-04,12
2025-04-25 13:48,19438.25,2025-04-25 13:56,19379.25,19379.25,19615.25,59.0,BULLISH,SL,-1.0,19412.75,19384.25,2025Q2,2025-04,13
2025-04-30 10:18,19236.5,2025-04-30 10:19,19246.5,19246.5,19206.5,10.0,BEARISH,SL,-1.0,19241.5,19215.5,2025Q2,2025-04,10
2025-05-06 12:53,19874.5,2025-05-06 13:44,19840.5,19840.5,19976.5,34.0,BULLISH,SL,-1.0,19881.25,19845.5,2025Q2,2025-05,12
2025-05-07 11:46,19852.0,2025-05-07 13:46,19873.5,19955.25,19542.25,103.25,BEARISH,timeout,-0.20823244552058112,19950.25,19849.25,2025Q2,2025-05,11
2025-05-07 13:23,19888.75,2025-05-07 13:36,19865.5,19865.5,19958.5,23.25,BULLISH,SL,-1.0,19890.25,19870.5,2025Q2,2025-05,13
2025-05-09 11:09,20167.25,2025-05-09 13:09,20100.5,20236.25,19960.25,69.0,BEARISH,timeout,0.967391304347826,20231.25,20151.5,2025Q2,2025-05,11
2025-05-09 09:47,20243.75,2025-05-09 09:52,20212.25,20212.25,20338.25,31.5,BULLISH,SL,-1.0,20226.0,20217.25,2025Q2,2025-05,9
2025-05-12 12:53,20871.5,2025-05-12 13:07,20914.0,20914.0,20744.0,42.5,BEARISH,SL,-1.0,20909.0,20850.25,2025Q2,2025-05,12
2025-05-12 13:01,20878.5,2025-05-12 13:07,20914.0,20914.0,20772.0,35.5,BEARISH,SL,-1.0,20909.0,20850.25,2025Q2,2025-05,13
2025-05-13 13:05,21318.25,2025-05-13 13:10,21304.25,21304.25,21360.25,14.0,BULLISH,SL,-1.0,21318.5,21309.25,2025Q2,2025-05,13
2025-05-14 11:56,21372.5,2025-05-14 12:33,21419.0,21357.0,21419.0,15.5,BULLISH,3R,3.0,21365.5,21362.0,2025Q2,2025-05,11
2025-05-16 11:03,21399.5,2025-05-16 11:30,21413.25,21413.25,21358.25,13.75,BEARISH,SL,-1.0,21408.25,21405.75,2025Q2,2025-05,11
2025-05-16 11:37,21417.0,2025-05-16 11:41,21432.75,21432.75,21369.75,15.75,BEARISH,SL,-1.0,21427.75,21414.5,2025Q2,2025-05,11
2025-05-21 11:39,21505.75,2025-05-21 13:11,21454.0,21454.0,21661.0,51.75,BULLISH,SL,-1.0,21498.5,21459.0,2025Q2,2025-05,11
2025-05-21 13:13,21470.5,2025-05-21 13:14,21454.0,21454.0,21520.0,16.5,BULLISH,SL,-1.0,21498.5,21459.0,2025Q2,2025-05,13
2025-05-22 09:39,21141.75,2025-05-22 09:40,21167.0,21167.0,21066.0,25.25,BEARISH,SL,-1.0,21162.0,21116.0,2025Q2,2025-05,9
2025-05-22 13:32,21251.5,2025-05-22 13:34,21268.25,21268.25,21201.25,16.75,BEARISH,SL,-1.0,21263.25,21253.75,2025Q2,2025-05,13
2025-05-26 11:40,21262.75,2025-05-26 11:41,21268.5,21268.5,21245.5,5.75,BEARISH,SL,-1.0,21263.5,21247.5,2025Q2,2025-05,11
2025-05-29 10:34,21440.0,2025-05-29 10:52,21490.25,21490.25,21289.25,50.25,BEARISH,SL,-1.0,21485.25,21462.5,2025Q2,2025-05,10
2025-05-29 12:18,21413.25,2025-05-29 12:20,21430.25,21430.25,21362.25,17.0,BEARISH,SL,-1.0,21425.25,21409.25,2025Q2,2025-05,12
2025-05-30 09:31,21354.75,2025-05-30 09:51,21251.25,21389.25,21251.25,34.5,BEARISH,3R,3.0,21384.25,21332.5,2025Q2,2025-05,9
2025-05-30 13:18,21153.0,2025-05-30 13:19,21164.0,21164.0,21120.0,11.0,BEARISH,SL,-1.0,21159.0,21142.5,2025Q2,2025-05,13
2025-06-02 13:29,21445.5,2025-06-02 13:49,21433.5,21433.5,21481.5,12.0,BULLISH,SL,-1.0,21443.75,21438.5,2025Q2,2025-06,13
2025-06-02 12:45,21406.75,2025-06-02 12:53,21438.25,21396.25,21438.25,10.5,BULLISH,3R,3.0,21408.75,21401.25,2025Q2,2025-06,12
2025-06-03 13:54,21736.75,2025-06-03 14:01,21709.0,21709.0,21820.0,27.75,BULLISH,SL,-1.0,21730.0,21714.0,2025Q2,2025-06,13
2025-06-04 13:42,21767.5,2025-06-04 15:42,21771.0,21753.0,21811.0,14.5,BULLISH,timeout,0.2413793103448276,21765.75,21758.0,2025Q2,2025-06,13
2025-06-05 13:18,21766.25,2025-06-05 14:16,21647.75,21805.75,21647.75,39.5,BEARISH,3R,3.0,21800.75,21758.5,2025Q2,2025-06,13
2025-06-06 11:21,21758.25,2025-06-06 13:21,21795.75,21681.25,21989.25,77.0,BULLISH,timeout,0.487012987012987,21747.75,21686.25,2025Q2,2025-06,11
2025-06-10 09:32,21840.5,2025-06-10 09:34,21821.5,21821.5,21897.5,19.0,BULLISH,SL,-1.0,21833.25,21826.5,2025Q2,2025-06,9
2025-06-11 11:12,22024.25,2025-06-11 11:31,22011.25,22011.25,22063.25,13.0,BULLISH,SL,-1.0,22025.25,22016.25,2025Q2,2025-06,11
2025-06-11 13:37,21986.0,2025-06-11 13:38,21992.75,21983.75,21992.75,2.25,BULLISH,3R,3.0,21991.5,21988.75,2025Q2,2025-06,13
2025-06-12 11:23,21910.75,2025-06-12 13:23,21944.5,21887.5,21980.5,23.25,BULLISH,timeout,1.4516129032258065,21902.25,21892.5,2025Q2,2025-06,11
2025-06-13 13:13,21792.5,2025-06-13 13:16,21762.75,21762.75,21881.75,29.75,BULLISH,SL,-1.0,21783.75,21767.75,2025Q2,2025-06,13
2025-06-16 13:47,21958.75,2025-06-16 13:55,21940.5,21940.5,22013.5,18.25,BULLISH,SL,-1.0,21954.75,21945.5,2025Q2,2025-06,13
2025-06-17 09:45,21811.0,2025-06-17 09:46,21814.75,21809.75,21814.75,1.25,BULLISH,3R,3.0,21822.0,21814.75,2025Q2,2025-06,9
2025-06-23 12:46,21902.5,2025-06-23 12:48,21850.0,21920.0,21850.0,17.5,BEARISH,3R,3.0,21915.0,21897.5,2025Q2,2025-06,12
2025-06-23 13:05,21896.0,2025-06-23 13:10,21920.0,21920.0,21824.0,24.0,BEARISH,SL,-1.0,21915.0,21897.5,2025Q2,2025-06,13
2025-06-24 12:59,22394.25,2025-06-24 14:59,22426.0,22375.0,22452.0,19.25,BULLISH,timeout,1.6493506493506493,22388.25,22380.0,2025Q2,2025-06,12
2025-06-26 12:43,22608.5,2025-06-26 12:44,22600.0,22600.0,22634.0,8.5,BULLISH,SL,-1.0,22606.75,22605.0,2025Q2,2025-06,12
2025-06-27 10:36,22774.5,2025-06-27 10:37,22803.0,22765.0,22803.0,9.5,BULLISH,3R,3.0,22772.25,22770.0,2025Q2,2025-06,10
2025-06-27 12:07,22806.0,2025-06-27 12:17,22788.0,22788.0,22860.0,18.0,BULLISH,SL,-1.0,22806.25,22793.0,2025Q2,2025-06,12
2025-06-30 12:22,22839.25,2025-06-30 13:32,22822.5,22822.5,22889.5,16.75,BULLISH,SL,-1.0,22836.25,22827.5,2025Q2,2025-06,12
2025-07-04 11:37,22932.5,2025-07-04 11:39,22936.5,22936.5,22920.5,4.0,BEARISH,SL,-1.0,22931.5,22930.0,2025Q3,2025-07,11
2025-07-09 10:40,23005.0,2025-07-09 10:47,22973.75,22973.75,23098.75,31.25,BULLISH,SL,-1.0,23054.75,22978.75,2025Q3,2025-07,10
2025-07-09 13:05,22976.0,2025-07-09 13:06,22985.75,22972.75,22985.75,3.25,BULLISH,3R,3.0,22981.5,22977.75,2025Q3,2025-07,13
2025-07-16 12:22,22969.75,2025-07-16 12:26,22956.25,22956.25,23010.25,13.5,BULLISH,SL,-1.0,22971.25,22961.25,2025Q3,2025-07,12
2025-07-18 11:40,23225.75,2025-07-18 11:42,23230.0,23230.0,23213.0,4.25,BEARISH,SL,-1.0,23225.0,23224.25,2025Q3,2025-07,11
2025-07-18 12:18,23223.0,2025-07-18 12:19,23216.5,23216.5,23242.5,6.5,BULLISH,SL,-1.0,23230.0,23221.5,2025Q3,2025-07,12
2025-07-22 10:18,23183.25,2025-07-22 12:18,23221.25,23264.0,22941.0,80.75,BEARISH,timeout,-0.47058823529411764,23259.0,23187.75,2025Q3,2025-07,10
2025-07-22 13:36,23238.25,2025-07-22 13:41,23219.25,23219.25,23295.25,19.0,BULLISH,SL,-1.0,23236.25,23224.25,2025Q3,2025-07,13
2025-07-23 11:01,23211.5,2025-07-23 11:54,23239.5,23239.5,23127.5,28.0,BEARISH,SL,-1.0,23234.5,23211.0,2025Q3,2025-07,11
2025-07-23 12:18,23217.75,2025-07-23 12:21,23208.75,23208.75,23244.75,9.0,BULLISH,SL,-1.0,23223.75,23213.75,2025Q3,2025-07,12
2025-07-24 09:31,23390.75,2025-07-24 09:32,23371.25,23371.25,23449.25,19.5,BULLISH,SL,-1.0,23380.5,23376.25,2025Q3,2025-07,9
2025-07-24 12:33,23347.0,2025-07-24 12:34,23351.75,23351.75,23332.75,4.75,BEARISH,SL,-1.0,23346.75,23340.75,2025Q3,2025-07,12
2025-07-25 12:48,23452.75,2025-07-25 13:02,23443.5,23443.5,23480.5,9.25,BULLISH,SL,-1.0,23452.0,23448.5,2025Q3,2025-07,12
2025-07-25 13:29,23448.25,2025-07-25 14:22,23457.0,23457.0,23422.0,8.75,BEARISH,SL,-1.0,23452.0,23451.5,2025Q3,2025-07,13
2025-07-28 09:37,23500.25,2025-07-28 09:46,23518.25,23518.25,23446.25,18.0,BEARISH,SL,-1.0,23513.25,23503.5,2025Q3,2025-07,9
2025-07-28 10:56,23491.0,2025-07-28 11:18,23481.5,23481.5,23519.5,9.5,BULLISH,SL,-1.0,23488.5,23486.5,2025Q3,2025-07,10
2025-07-29 09:58,23585.25,2025-07-29 09:59,23584.0,23584.0,23589.0,1.25,BULLISH,SL,-1.0,23592.0,23589.0,2025Q3,2025-07,9
2025-07-29 11:57,23509.5,2025-07-29 12:17,23479.5,23519.5,23479.5,10.0,BEARISH,3R,3.0,23514.5,23512.75,2025Q3,2025-07,11
2025-07-30 09:38,23503.0,2025-07-30 09:45,23511.75,23511.75,23476.75,8.75,BEARISH,SL,-1.0,23506.75,23495.5,2025Q3,2025-07,9
2025-07-30 11:07,23511.25,2025-07-30 11:10,23494.25,23494.25,23562.25,17.0,BULLISH,SL,-1.0,23504.0,23499.25,2025Q3,2025-07,11
2025-07-31 12:05,23577.75,2025-07-31 12:24,23604.5,23604.5,23497.5,26.75,BEARISH,SL,-1.0,23599.5,23584.5,2025Q3,2025-07,12
2025-08-01 10:20,22933.75,2025-08-01 12:20,23025.75,23050.75,22582.75,117.0,BEARISH,timeout,-0.7863247863247863,23045.75,22929.75,2025Q3,2025-08,10
2025-08-01 12:45,22963.25,2025-08-01 12:47,22953.25,22953.25,22993.25,10.0,BULLISH,SL,-1.0,22979.5,22958.25,2025Q3,2025-08,12
2025-08-04 10:46,23216.25,2025-08-04 11:01,23192.0,23192.0,23289.0,24.25,BULLISH,SL,-1.0,23214.0,23197.0,2025Q3,2025-08,10
2025-08-06 12:35,23362.5,2025-08-06 14:35,23430.0,23340.0,23430.0,22.5,BULLISH,3R,3.0,23357.0,23345.0,2025Q3,2025-08,12
2025-08-06 12:48,23358.25,2025-08-06 14:08,23413.0,23340.0,23413.0,18.25,BULLISH,3R,3.0,23357.0,23345.0,2025Q3,2025-08,12
2025-08-07 13:56,23424.75,2025-08-07 14:01,23404.5,23431.5,23404.5,6.75,BEARISH,3R,3.0,23426.5,23425.25,2025Q3,2025-08,13
2025-08-11 11:33,23737.75,2025-08-11 11:38,23725.0,23725.0,23776.0,12.75,BULLISH,SL,-1.0,23740.0,23730.0,2025Q3,2025-08,11
2025-08-12 10:49,23752.5,2025-08-12 11:17,23851.5,23719.5,23851.5,33.0,BULLISH,3R,3.0,23743.0,23724.5,2025Q3,2025-08,10
2025-08-14 09:50,23931.0,2025-08-14 09:51,23932.5,23930.5,23932.5,0.5,BULLISH,3R,3.0,23940.25,23935.5,2025Q3,2025-08,9
2025-08-14 09:31,23846.75,2025-08-14 09:51,23949.75,23949.75,23537.75,103.0,BEARISH,SL,-1.0,23944.75,23871.0,2025Q3,2025-08,9
2025-08-15 10:05,23854.0,2025-08-15 11:44,23737.0,23893.0,23737.0,39.0,BEARISH,3R,3.0,23888.0,23854.0,2025Q3,2025-08,10
2025-08-15 11:22,23824.25,2025-08-15 11:30,23799.5,23832.5,23799.5,8.25,BEARISH,3R,3.0,23827.5,23814.5,2025Q3,2025-08,11
2025-08-18 11:49,23752.0,2025-08-18 12:09,23763.0,23763.0,23719.0,11.0,BEARISH,SL,-1.0,23758.0,23754.75,2025Q3,2025-08,11
2025-08-19 10:07,23719.25,2025-08-19 10:28,23642.0,23745.0,23642.0,25.75,BEARISH,3R,3.0,23740.0,23700.0,2025Q3,2025-08,10
2025-08-19 10:23,23701.25,2025-08-19 10:44,23570.0,23745.0,23570.0,43.75,BEARISH,3R,3.0,23740.0,23700.0,2025Q3,2025-08,10
2025-08-21 13:50,23210.75,2025-08-21 15:50,23223.25,23259.25,23065.25,48.5,BEARISH,timeout,-0.25773195876288657,23254.25,23212.25,2025Q3,2025-08,13
2025-08-25 13:07,23588.0,2025-08-25 13:40,23569.25,23569.25,23644.25,18.75,BULLISH,SL,-1.0,23580.75,23574.25,2025Q3,2025-08,13
2025-08-27 13:23,23597.5,2025-08-27 15:12,23574.0,23574.0,23668.0,23.5,BULLISH,SL,-1.0,23588.75,23579.0,2025Q3,2025-08,13
2025-08-27 13:00,23600.5,2025-08-27 13:37,23609.25,23609.25,23574.25,8.75,BEARISH,SL,-1.0,23604.25,23579.0,2025Q3,2025-08,13
2025-09-01 12:46,23502.75,2025-09-01 18:00,23495.0,23495.0,23526.0,7.75,BULLISH,SL,-1.0,23502.25,23500.0,2025Q3,2025-09,12
2025-09-01 11:50,23500.5,2025-09-01 12:03,23491.0,23491.0,23529.0,9.5,BULLISH,SL,-1.0,23501.0,23496.0,2025Q3,2025-09,11
2025-09-02 12:24,23075.5,2025-09-02 12:43,23100.75,23100.75,22999.75,25.25,BEARISH,SL,-1.0,23095.75,23067.0,2025Q3,2025-09,12
2025-09-03 12:25,23434.75,2025-09-03 14:25,23352.0,23494.25,23256.25,59.5,BEARISH,timeout,1.3907563025210083,23489.25,23446.75,2025Q3,2025-09,12
2025-09-03 11:45,23430.0,2025-09-03 12:21,23461.25,23461.25,23336.25,31.25,BEARISH,SL,-1.0,23456.25,23431.75,2025Q3,2025-09,11
2025-09-05 11:08,23528.0,2025-09-05 11:14,23567.75,23567.75,23408.75,39.75,BEARISH,SL,-1.0,23562.75,23560.75,2025Q3,2025-09,11
2025-09-08 12:39,23807.75,2025-09-08 13:05,23790.0,23790.0,23861.0,17.75,BULLISH,SL,-1.0,23813.75,23795.0,2025Q3,2025-09,12
2025-09-10 09:54,23938.0,2025-09-10 09:55,23910.5,23910.5,24020.5,27.5,BULLISH,SL,-1.0,23916.75,23915.5,2025Q3,2025-09,9
2025-09-12 11:49,24074.5,2025-09-12 11:50,24084.25,24071.25,24084.25,3.25,BULLISH,3R,3.0,24079.5,24076.25,2025Q3,2025-09,11
2025-09-17 11:20,24197.5,2025-09-17 11:24,24183.25,24202.25,24183.25,4.75,BEARISH,3R,3.0,24197.25,24196.75,2025Q3,2025-09,11
2025-09-18 09:37,24457.75,2025-09-18 09:45,24366.25,24488.25,24366.25,30.5,BEARISH,3R,3.0,24483.25,24449.75,2025Q3,2025-09,9
2025-09-22 11:07,24915.25,2025-09-22 11:35,24901.0,24901.0,24958.0,14.25,BULLISH,SL,-1.0,24913.5,24906.0,2025Q3,2025-09,11
2025-09-25 10:59,24636.75,2025-09-25 11:39,24673.5,24673.5,24526.5,36.75,BEARISH,SL,-1.0,24668.5,24651.25,2025Q3,2025-09,10
2025-09-26 10:41,24627.0,2025-09-26 10:45,24617.0,24617.0,24657.0,10.0,BULLISH,SL,-1.0,24625.75,24622.0,2025Q3,2025-09,10
2025-09-29 13:27,24838.0,2025-09-29 13:32,24818.5,24844.5,24818.5,6.5,BEARISH,3R,3.0,24839.5,24836.75,2025Q3,2025-09,13
2025-09-30 09:31,24807.5,2025-09-30 09:55,24722.75,24835.75,24722.75,28.25,BEARISH,3R,3.0,24830.75,24829.0,2025Q3,2025-09,9
2025-09-30 11:52,24806.25,2025-09-30 12:21,24831.5,24831.5,24730.5,25.25,BEARISH,SL,-1.0,24826.5,24806.0,2025Q3,2025-09,11
2025-10-02 10:19,25075.75,2025-10-02 12:19,25064.75,25167.5,24800.5,91.75,BEARISH,timeout,0.11989100817438691,25162.5,25071.5,2025Q4,2025-10,10
2025-10-02 12:06,25054.5,2025-10-02 12:07,25059.0,25059.0,25041.0,4.5,BEARISH,SL,-1.0,25054.0,25051.25,2025Q4,2025-10,12
2025-10-06 10:07,25175.25,2025-10-06 10:36,25122.0,25193.0,25122.0,17.75,BEARISH,3R,3.0,25188.0,25173.5,2025Q4,2025-10,10
2025-10-06 10:23,25167.25,2025-10-06 11:46,25193.0,25193.0,25090.0,25.75,BEARISH,SL,-1.0,25188.0,25173.5,2025Q4,2025-10,10
2025-10-07 09:31,25230.25,2025-10-07 09:32,25226.75,25226.75,25240.75,3.5,BULLISH,SL,-1.0,25241.25,25231.75,2025Q4,2025-10,9
2025-10-07 12:03,25042.0,2025-10-07 12:34,25070.5,25070.5,24956.5,28.5,BEARISH,SL,-1.0,25065.5,25041.25,2025Q4,2025-10,12
2025-10-08 09:31,25091.75,2025-10-08 09:47,25160.0,25069.0,25160.0,22.75,BULLISH,3R,3.0,25075.0,25074.0,2025Q4,2025-10,9
2025-10-09 10:52,25238.75,2025-10-09 10:57,25252.0,25252.0,25199.0,13.25,BEARISH,SL,-1.0,25247.0,25233.0,2025Q4,2025-10,10
2025-10-10 09:31,25315.25,2025-10-10 09:37,25371.5,25296.5,25371.5,18.75,BULLISH,3R,3.0,25305.5,25301.5,2025Q4,2025-10,9
2025-10-10 13:45,24707.5,2025-10-10 14:03,24643.75,24728.75,24643.75,21.25,BEARISH,3R,3.0,24723.75,24678.25,2025Q4,2025-10,13
2025-10-14 12:11,24772.75,2025-10-14 12:41,24911.5,24726.5,24911.5,46.25,BULLISH,3R,3.0,24777.0,24731.5,2025Q4,2025-10,12
2025-10-16 13:00,24927.25,2025-10-16 13:01,24892.75,24938.75,24892.75,11.5,BEARISH,3R,3.0,24933.75,24877.75,2025Q4,2025-10,13
2025-10-16 13:15,24888.5,2025-10-16 13:16,24900.0,24900.0,24854.0,11.5,BEARISH,SL,-1.0,24895.0,24877.75,2025Q4,2025-10,13
2025-10-17 12:46,24896.75,2025-10-17 13:09,24868.5,24868.5,24981.5,28.25,BULLISH,SL,-1.0,24902.0,24873.5,2025Q4,2025-10,12
2025-10-20 12:37,25297.25,2025-10-20 13:42,25353.5,25278.5,25353.5,18.75,BULLISH,3R,3.0,25294.75,25283.5,2025Q4,2025-10,12
2025-10-21 13:56,25311.75,2025-10-21 15:50,25327.25,25327.25,25265.25,15.5,BEARISH,SL,-1.0,25322.25,25309.75,2025Q4,2025-10,13
2025-10-21 10:25,25267.75,2025-10-21 10:26,25229.5,25280.5,25229.5,12.75,BEARISH,3R,3.0,25275.5,25270.75,2025Q4,2025-10,10
2025-10-22 10:57,25149.0,2025-10-22 12:30,24951.75,25214.75,24951.75,65.75,BEARISH,3R,3.0,25209.75,25142.25,2025Q4,2025-10,10
2025-10-22 11:09,25167.25,2025-10-22 11:29,25024.75,25214.75,25024.75,47.5,BEARISH,3R,3.0,25209.75,25142.25,2025Q4,2025-10,11
2025-10-28 11:11,26048.5,2025-10-28 11:35,26016.25,26059.25,26016.25,10.75,BEARISH,3R,3.0,26054.25,26052.0,2025Q4,2025-10,11
2025-10-28 13:11,26117.0,2025-10-28 14:32,26189.0,26093.0,26189.0,24.0,BULLISH,3R,3.0,26106.0,26098.0,2025Q4,2025-10,13
2025-10-30 13:39,26038.25,2025-10-30 14:08,26020.25,26020.25,26092.25,18.0,BULLISH,SL,-1.0,26050.0,26025.25,2025Q4,2025-10,13
2025-10-31 10:53,26161.0,2025-10-31 11:56,26054.5,26196.5,26054.5,35.5,BEARISH,3R,3.0,26191.5,26133.5,2025Q4,2025-10,10
2025-10-31 12:35,26020.25,2025-10-31 13:04,25916.0,26055.0,25916.0,34.75,BEARISH,3R,3.0,26050.0,26022.25,2025Q4,2025-10,12
2025-11-04 10:54,25805.25,2025-11-04 10:56,25777.25,25777.25,25889.25,28.0,BULLISH,SL,-1.0,25827.5,25782.25,2025Q4,2025-11,10
2025-11-04 11:00,25789.0,2025-11-04 11:10,25777.25,25777.25,25824.25,11.75,BULLISH,SL,-1.0,25827.5,25782.25,2025Q4,2025-11,11
2025-11-05 09:31,25569.25,2025-11-05 09:32,25525.0,25584.0,25525.0,14.75,BEARISH,3R,3.0,25579.0,25569.25,2025Q4,2025-11,9
2025-11-05 12:11,25750.75,2025-11-05 12:14,25771.75,25743.75,25771.75,7.0,BULLISH,3R,3.0,25758.5,25748.75,2025Q4,2025-11,12
2025-11-06 10:25,25529.0,2025-11-06 10:40,25343.0,25591.0,25343.0,62.0,BEARISH,3R,3.0,25586.0,25513.25,2025Q4,2025-11,10
2025-11-10 13:30,25632.75,2025-11-10 14:44,25701.0,25610.0,25701.0,22.75,BULLISH,3R,3.0,25633.0,25615.0,2025Q4,2025-11,13
2025-11-10 12:10,25547.75,2025-11-10 12:48,25619.25,25619.25,25333.25,71.5,BEARISH,SL,-1.0,25614.25,25537.75,2025Q4,2025-11,12
2025-11-14 11:48,25186.0,2025-11-14 12:10,25275.25,25156.25,25275.25,29.75,BULLISH,3R,3.0,25202.5,25161.25,2025Q4,2025-11,11
2025-11-20 09:44,25230.5,2025-11-20 09:45,25173.25,25173.25,25402.25,57.25,BULLISH,SL,-1.0,25185.0,25178.25,2025Q4,2025-11,9
2025-11-24 11:34,24857.5,2025-11-24 13:12,24944.5,24828.5,24944.5,29.0,BULLISH,3R,3.0,24841.0,24833.5,2025Q4,2025-11,11
2025-11-25 11:50,24850.5,2025-11-25 12:14,24950.25,24817.25,24950.25,33.25,BULLISH,3R,3.0,24844.0,24822.25,2025Q4,2025-11,11
2025-11-26 13:12,25316.0,2025-11-26 13:27,25358.75,25301.75,25358.75,14.25,BULLISH,3R,3.0,25309.0,25306.75,2025Q4,2025-11,13
2025-12-01 12:17,25438.5,2025-12-01 14:17,25432.25,25384.5,25600.5,54.0,BULLISH,timeout,-0.11574074074074074,25419.75,25389.5,2025Q4,2025-12,12
2025-12-02 12:22,25595.5,2025-12-02 12:32,25619.0,25619.0,25525.0,23.5,BEARISH,SL,-1.0,25614.0,25553.75,2025Q4,2025-12,12
2025-12-02 13:02,25537.0,2025-12-02 13:06,25560.25,25529.25,25560.25,7.75,BULLISH,3R,3.0,25545.5,25534.25,2025Q4,2025-12,13
2025-12-05 13:22,25707.0,2025-12-05 13:29,25742.25,25695.25,25742.25,11.75,BULLISH,3R,3.0,25718.25,25700.25,2025Q4,2025-12,13
2025-12-05 11:29,25699.0,2025-12-05 11:31,25678.0,25706.0,25678.0,7.0,BEARISH,3R,3.0,25701.0,25694.25,2025Q4,2025-12,11
2025-12-08 11:24,25666.0,2025-12-08 12:26,25598.5,25688.5,25598.5,22.5,BEARISH,3R,3.0,25683.5,25666.0,2025Q4,2025-12,11
2025-12-11 12:59,25589.75,2025-12-11 13:06,25624.25,25578.25,25624.25,11.5,BULLISH,3R,3.0,25603.75,25583.25,2025Q4,2025-12,12
2025-12-12 12:20,25295.5,2025-12-12 12:23,25281.25,25300.25,25281.25,4.75,BEARISH,3R,3.0,25295.25,25277.25,2025Q4,2025-12,12
2025-12-15 10:47,25189.5,2025-12-15 11:17,25218.75,25218.75,25101.75,29.25,BEARISH,SL,-1.0,25213.75,25175.5,2025Q4,2025-12,10
2025-12-15 10:34,25128.5,2025-12-15 10:35,25131.25,25131.25,25120.25,2.75,BEARISH,SL,-1.0,25126.25,25092.25,2025Q4,2025-12,10
2025-12-16 09:31,25048.75,2025-12-16 09:32,25041.75,25041.75,25069.75,7.0,BULLISH,SL,-1.0,25051.5,25046.75,2025Q4,2025-12,9
2025-12-16 10:58,25062.25,2025-12-16 10:59,25066.5,25066.5,25049.5,4.25,BEARISH,SL,-1.0,25061.5,25047.0,2025Q4,2025-12,10
2025-12-18 09:40,24980.75,2025-12-18 11:40,25156.5,24885.0,25268.0,95.75,BULLISH,timeout,1.835509138381201,24983.75,24890.0,2025Q4,2025-12,9
2025-12-18 11:03,25124.5,2025-12-18 12:06,25098.25,25098.25,25203.25,26.25,BULLISH,SL,-1.0,25122.75,25103.25,2025Q4,2025-12,11
2025-12-22 11:34,25700.75,2025-12-22 13:16,25685.0,25685.0,25748.0,15.75,BULLISH,SL,-1.0,25702.5,25690.0,2025Q4,2025-12,11
2025-12-23 10:26,25669.5,2025-12-23 10:35,25695.0,25695.0,25593.0,25.5,BEARISH,SL,-1.0,25690.0,25684.0,2025Q4,2025-12,10
2025-12-23 12:37,25763.5,2025-12-23 14:37,25784.75,25748.75,25807.75,14.75,BULLISH,timeout,1.4406779661016949,25761.25,25753.75,2025Q4,2025-12,12
2025-12-24 09:31,25804.25,2025-12-24 09:32,25798.25,25798.25,25822.25,6.0,BULLISH,SL,-1.0,25805.75,25803.25,2025Q4,2025-12,9
2025-12-29 11:34,25710.25,2025-12-29 13:34,25715.0,25742.75,25612.75,32.5,BEARISH,timeout,-0.14615384615384616,25737.75,25717.5,2025Q4,2025-12,11
2025-12-29 13:52,25702.25,2025-12-29 13:55,25694.75,25694.75,25724.75,7.5,BULLISH,SL,-1.0,25700.25,25699.75,2025Q4,2025-12,13
2025-12-30 11:41,25738.5,2025-12-30 13:41,25722.0,25698.75,25857.75,39.75,BULLISH,timeout,-0.41509433962264153,25739.5,25703.75,2025Q4,2025-12,11
2025-12-30 11:54,25723.75,2025-12-30 13:54,25731.0,25698.75,25798.75,25.0,BULLISH,timeout,0.29,25739.5,25703.75,2025Q4,2025-12,11
2026-01-02 13:24,25339.25,2026-01-02 14:11,25366.0,25366.0,25259.0,26.75,BEARISH,SL,-1.0,25361.0,25352.25,2026Q1,2026-01,13
2026-01-02 11:18,25376.0,2026-01-02 13:18,25346.5,25473.0,25085.0,97.0,BEARISH,timeout,0.30412371134020616,25468.0,25381.5,2026Q1,2026-01,11
2026-01-06 11:25,25696.5,2026-01-06 12:20,25720.5,25720.5,25624.5,24.0,BEARISH,SL,-1.0,25715.5,25687.75,2026Q1,2026-01,11
2026-01-06 10:47,25722.5,2026-01-06 11:00,25672.75,25672.75,25871.75,49.75,BULLISH,SL,-1.0,25726.5,25677.75,2026Q1,2026-01,10
2026-01-07 10:05,25842.5,2026-01-07 12:05,25978.5,25786.25,26011.25,56.25,BULLISH,timeout,2.417777777777778,25840.5,25791.25,2026Q1,2026-01,10
2026-01-07 12:53,25971.0,2026-01-07 13:15,25939.5,25939.5,26065.5,31.5,BULLISH,SL,-1.0,25964.25,25944.5,2026Q1,2026-01,12
2026-01-08 13:49,25668.5,2026-01-08 13:53,25640.0,25678.0,25640.0,9.5,BEARISH,3R,3.0,25673.0,25669.25,2026Q1,2026-01,13
2026-01-09 09:42,25751.5,2026-01-09 09:43,25771.75,25744.75,25771.75,6.75,BULLISH,3R,3.0,25782.75,25749.75,2026Q1,2026-01,9
2026-01-09 09:39,25765.75,2026-01-09 09:48,25699.75,25787.75,25699.75,22.0,BEARISH,3R,3.0,25782.75,25773.5,2026Q1,2026-01,9
2026-01-12 11:50,25942.5,2026-01-12 13:50,25990.0,25915.5,26023.5,27.0,BULLISH,timeout,1.7592592592592593,25929.25,25920.5,2026Q1,2026-01,11
2026-01-13 10:05,25930.5,2026-01-13 10:11,25903.25,25903.25,26012.25,27.25,BULLISH,SL,-1.0,25909.5,25908.25,2026Q1,2026-01,10
2026-01-13 13:19,25904.25,2026-01-13 13:50,25858.5,25919.5,25858.5,15.25,BEARISH,3R,3.0,25914.5,25904.0,2026Q1,2026-01,13
2026-01-14 10:17,25660.5,2026-01-14 10:18,25693.5,25693.5,25561.5,33.0,BEARISH,SL,-1.0,25688.5,25674.5,2026Q1,2026-01,10
2026-01-14 10:56,25493.5,2026-01-14 11:23,25553.75,25553.75,25312.75,60.25,BEARISH,SL,-1.0,25548.75,25498.5,2026Q1,2026-01,10
2026-01-15 09:41,25870.25,2026-01-15 09:42,25875.5,25868.5,25875.5,1.75,BULLISH,3R,3.0,25892.25,25873.5,2026Q1,2026-01,9
2026-01-15 13:11,25896.0,2026-01-15 13:35,25910.75,25910.75,25851.75,14.75,BEARISH,SL,-1.0,25905.75,25889.0,2026Q1,2026-01,13
2026-01-16 09:41,25853.0,2026-01-16 09:45,25816.25,25865.25,25816.25,12.25,BEARISH,3R,3.0,25860.25,25853.75,2026Q1,2026-01,9
2026-01-20 10:11,25279.25,2026-01-20 10:31,25372.25,25248.25,25372.25,31.0,BULLISH,3R,3.0,25267.25,25253.25,2026Q1,2026-01,10
2026-01-20 10:59,25329.75,2026-01-20 11:00,25335.0,25328.0,25335.0,1.75,BULLISH,3R,3.0,25347.75,25333.0,2026Q1,2026-01,10
2026-01-21 09:41,25134.75,2026-01-21 09:42,25140.0,25140.0,25119.0,5.25,BEARISH,SL,-1.0,25135.0,25119.0,2026Q1,2026-01,9
2026-01-21 09:31,25212.75,2026-01-21 11:12,25489.5,25120.5,25489.5,92.25,BULLISH,3R,3.0,25166.75,25125.5,2026Q1,2026-01,9
2026-01-22 10:58,25611.25,2026-01-22 11:12,25654.75,25596.75,25654.75,14.5,BULLISH,3R,3.0,25612.0,25601.75,2026Q1,2026-01,10
2026-01-23 09:47,25598.5,2026-01-23 09:55,25634.0,25634.0,25492.0,35.5,BEARISH,SL,-1.0,25629.0,25627.5,2026Q1,2026-01,9
2026-01-23 11:35,25771.0,2026-01-23 11:37,25808.5,25758.5,25808.5,12.5,BULLISH,3R,3.0,25771.25,25763.5,2026Q1,2026-01,11
2026-01-28 12:22,26150.25,2026-01-28 12:23,26137.5,26154.5,26137.5,4.25,BEARISH,3R,3.0,26149.5,26136.75,2026Q1,2026-01,12
2026-01-29 09:31,26140.0,2026-01-29 09:42,25993.0,26189.0,25993.0,49.0,BEARISH,3R,3.0,26184.0,26161.0,2026Q1,2026-01,9
2026-02-02 11:15,25855.75,2026-02-02 13:15,25925.5,25794.5,26039.5,61.25,BULLISH,timeout,1.1387755102040817,25857.25,25799.5,2026Q1,2026-02,11
2026-02-02 11:50,25857.5,2026-02-02 11:53,25874.0,25852.0,25874.0,5.5,BULLISH,3R,3.0,25858.5,25857.0,2026Q1,2026-02,11
2026-02-03 10:58,25619.25,2026-02-03 11:02,25592.25,25628.25,25592.25,9.0,BEARISH,3R,3.0,25623.25,25605.0,2026Q1,2026-02,10
2026-02-05 11:50,24781.25,2026-02-05 13:50,24677.0,24647.25,25183.25,134.0,BULLISH,timeout,-0.7779850746268657,24760.5,24652.25,2026Q1,2026-02,11
2026-02-09 12:34,25381.75,2026-02-09 12:58,25361.25,25361.25,25443.25,20.5,BULLISH,SL,-1.0,25382.75,25366.25,2026Q1,2026-02,12
2026-02-10 09:31,25377.75,2026-02-10 09:36,25325.25,25395.25,25325.25,17.5,BEARISH,3R,3.0,25390.25,25376.0,2026Q1,2026-02,9
2026-02-10 13:59,25313.75,2026-02-10 15:55,25214.75,25346.75,25214.75,33.0,BEARISH,3R,3.0,25341.75,25308.0,2026Q1,2026-02,13
2026-02-11 11:06,25206.5,2026-02-11 12:26,25295.0,25295.0,24941.0,88.5,BEARISH,SL,-1.0,25290.0,25195.0,2026Q1,2026-02,11
2026-02-12 10:23,25247.5,2026-02-12 10:54,25063.0,25309.0,25063.0,61.5,BEARISH,3R,3.0,25304.0,25251.5,2026Q1,2026-02,10
2026-02-12 12:38,24926.5,2026-02-12 12:39,24906.25,24933.25,24906.25,6.75,BEARISH,3R,3.0,24928.25,24921.75,2026Q1,2026-02,12
2026-02-13 11:00,24811.0,2026-02-13 11:01,24806.0,24806.0,24826.0,5.0,BULLISH,SL,-1.0,24847.5,24811.0,2026Q1,2026-02,11
2026-02-16 09:59,24769.0,2026-02-16 10:00,24788.25,24788.25,24711.25,19.25,BEARISH,SL,-1.0,24783.25,24776.5,2026Q1,2026-02,9
2026-02-17 10:21,24601.75,2026-02-17 10:22,24574.75,24610.75,24574.75,9.0,BEARISH,3R,3.0,24605.75,24571.5,2026Q1,2026-02,10
2026-02-17 11:33,24714.25,2026-02-17 13:33,24791.25,24598.75,25060.75,115.5,BULLISH,timeout,0.6666666666666666,24722.25,24603.75,2026Q1,2026-02,11
2026-02-19 09:31,24857.5,2026-02-19 09:35,24828.25,24828.25,24945.25,29.25,BULLISH,SL,-1.0,24839.75,24833.25,2026Q1,2026-02,9
2026-02-24 11:11,25015.5,2026-02-24 11:30,24990.5,24990.5,25090.5,25.0,BULLISH,SL,-1.0,25002.75,24995.5,2026Q1,2026-02,11
2026-02-27 09:36,24874.0,2026-02-27 09:46,24910.25,24910.25,24765.25,36.25,BEARISH,SL,-1.0,24905.25,24883.25,2026Q1,2026-02,9
2026-03-02 13:48,24986.75,2026-03-02 13:58,24970.75,24970.75,25034.75,16.0,BULLISH,SL,-1.0,24994.75,24975.75,2026Q1,2026-03,13
2026-03-03 12:15,24656.0,2026-03-03 12:16,24637.5,24637.5,24711.5,18.5,BULLISH,SL,-1.0,24644.75,24642.5,2026Q1,2026-03,12
2026-03-04 12:01,25146.0,2026-03-04 12:31,25116.25,25116.25,25235.25,29.75,BULLISH,SL,-1.0,25139.25,25121.25,2026Q1,2026-03,12
2026-03-05 10:49,25058.5,2026-03-05 12:44,24841.0,25131.0,24841.0,72.5,BEARISH,3R,3.0,25126.0,25072.75,2026Q1,2026-03,10
2026-03-05 11:02,25070.5,2026-03-05 11:11,24958.0,25108.0,24958.0,37.5,BEARISH,3R,3.0,25103.0,25033.25,2026Q1,2026-03,11
2026-03-06 10:49,24808.5,2026-03-06 10:50,24790.75,24790.75,24861.75,17.75,BULLISH,SL,-1.0,24811.0,24795.75,2026Q1,2026-03,10
2026-03-10 11:37,25119.0,2026-03-10 11:40,25142.25,25111.25,25142.25,7.75,BULLISH,3R,3.0,25117.75,25116.25,2026Q1,2026-03,11
2026-03-11 13:48,24940.5,2026-03-11 13:49,24936.0,24936.0,24954.0,4.5,BULLISH,SL,-1.0,24949.25,24941.0,2026Q1,2026-03,13
2026-03-12 10:49,24641.0,2026-03-12 11:02,24594.5,24656.5,24594.5,15.5,BEARISH,3R,3.0,24651.5,24649.25,2026Q1,2026-03,10
2026-03-16 13:03,24925.5,2026-03-16 13:04,24903.0,24933.0,24903.0,7.5,BEARISH,3R,3.0,24928.0,24917.75,2026Q1,2026-03,13
2026-03-23 13:37,24464.25,2026-03-23 14:35,24522.75,24522.75,24288.75,58.5,BEARISH,SL,-1.0,24517.75,24465.5,2026Q1,2026-03,13
2026-03-23 12:38,24391.0,2026-03-23 12:45,24404.75,24404.75,24349.75,13.75,BEARISH,SL,-1.0,24399.75,24387.5,2026Q1,2026-03,12
2026-03-25 11:35,24430.25,2026-03-25 13:35,24440.5,24480.75,24278.75,50.5,BEARISH,timeout,-0.20297029702970298,24475.75,24428.25,2026Q1,2026-03,11
2026-03-25 13:06,24388.25,2026-03-25 13:07,24407.0,24382.0,24407.0,6.25,BULLISH,3R,3.0,24394.25,24387.0,2026Q1,2026-03,13
2026-03-26 10:34,24182.0,2026-03-26 10:41,24152.75,24152.75,24269.75,29.25,BULLISH,SL,-1.0,24168.75,24157.75,2026Q1,2026-03,10
2026-03-30 13:48,23234.0,2026-03-30 14:06,23187.5,23249.5,23187.5,15.5,BEARISH,3R,3.0,23244.5,23233.5,2026Q1,2026-03,13
2026-03-31 11:55,23487.25,2026-03-31 11:56,23460.25,23496.25,23460.25,9.0,BEARISH,3R,3.0,23491.25,23484.0,2026Q1,2026-03,11
